"","Neighborhood","Age 10 or less (%)","Age 11 to 18 (%)","Age 19 to 34 (%)","Age 35 to 49 (%)","Age 50 to 64 (%)","Age 65 and up (%)","Median Age","Square Miles","Diversity Index","Bachelor's Degree (%)","Four-year Degrees (%)","High School Diploma (%)","Less Than High School (%)","Masters Degree or Higher (%)","Some College (%)","Asian Population (%)","Black Population (%)","Latino Population (%)","Non-White Population (%)","White Population (%)","Foreign Born Population (%)","Median income 125k and up (%)","Median income 20k income or less (%)","Median income 20k to 40k income (%)","Median income 40k to 60k income (%)","Median income 60k to 125k income (%)","Percent of Households (%)","Median Income ($)","Divorced Females (%)","Divorced Males (%)","Married Females (%)","Married Males (%)","Never Married Females (%)","Never Married Males (%)","Widowed Females (%)","Widowed Males (%)","1975-1990 (%)","1990-1999 (%)","Vietnam (%)","World War II or Korea (%)","Homeowners (%)","Population per Sqmi","Population Total"
"1","Acton",0.163,0.159,0.125,0.312,0.161,0.08,37,39.3,0.316,0.11,0.166,0.278,0.154,0.057,0.402,0.015,0.008,0.124,0.183,0.817,0.071,3,0.157,0.094,0.167,0.175,0.309,83983,0.11,0.103,0.642,0.631,0.197,0.233,0.05,0.032,0.122,0.09,0.339,0.439,0.878,"166","6,522"
"2","Adams-Normandie",0.189,0.137,0.295,0.207,0.091,0.082,26,0.8,0.545,0.058,0.095,0.158,0.574,0.037,0.173,0.052,0.248,0.622,0.944,0.056,0.467,3.2,0.02,0.434,0.28,0.118,0.093,29606,0.076,0.067,0.418,0.443,0.412,0.466,0.093,0.024,0.138,0.085,0.295,0.456,0.206,"21,848","17,596"
"3","Agoura Hills",0.162,0.16,0.128,0.299,0.188,0.063,37,8.1,0.304,0.305,0.484,0.12,0.052,0.179,0.344,0.062,0.008,0.07,0.172,0.828,0.135,3,0.292,0.049,0.104,0.12,0.414,117608,0.122,0.057,0.626,0.637,0.204,0.296,0.047,0.01,0.137,0.023,0.346,0.481,0.84,"2,495","20,324"
"4","Agua Dulce",0.137,0.129,0.116,0.342,0.215,0.061,40,31.5,0.282,0.159,0.207,0.267,0.123,0.048,0.403,0.002,0.002,0.109,0.161,0.839,0.044,2.9,0.151,0.085,0.098,0.107,0.535,106078,0.03,0.078,0.756,0.685,0.164,0.23,0.049,0.006,0.179,0.029,0.309,0.483,0.874,"99","3,130"
"5","Alhambra",0.138,0.101,0.261,0.236,0.133,0.132,35,7.6,0.631,0.191,0.275,0.196,0.27,0.084,0.259,0.472,0.014,0.355,0.862,0.138,0.508,2.8,0.047,0.235,0.257,0.189,0.24,53224,0.089,0.066,0.5,0.559,0.304,0.353,0.107,0.022,0.103,0.103,0.239,0.548,0.392,"11,275","85,961"
"6","Alondra Park",0.202,0.098,0.246,0.25,0.118,0.086,32,1.1,0.748,0.112,0.168,0.239,0.257,0.056,0.335,0.149,0.19,0.349,0.736,0.264,0.321,2.9,0.048,0.224,0.228,0.178,0.283,57177,0.1,0.105,0.524,0.528,0.284,0.344,0.092,0.024,0.19,0.169,0.31,0.331,0.517,"7,548","8,604"
"7","Altadena",0.162,0.112,0.169,0.273,0.163,0.121,37,8.7,0.702,0.219,0.392,0.152,0.151,0.173,0.305,0.042,0.31,0.203,0.604,0.396,0.187,2.8,0.156,0.132,0.192,0.151,0.338,82676,0.124,0.071,0.539,0.578,0.244,0.329,0.094,0.021,0.113,0.055,0.275,0.543,0.746,"4,900","42,680"
"8","Angeles Crest",0.108,0.066,0.202,0.31,0.206,0.107,41,430.5,0.452,0.122,0.241,0.242,0.123,0.119,0.394,0.024,0.104,0.117,0.277,0.723,0.074,2.3,0.124,0.172,0.145,0.163,0.298,72841,0.113,0.151,0.597,0.512,0.167,0.316,0.122,0.021,0.223,0.058,0.436,0.283,0.882,"3","1,175"
"9","Arcadia",0.122,0.125,0.168,0.259,0.168,0.157,40,11.2,0.62,0.271,0.444,0.167,0.103,0.173,0.285,0.454,0.008,0.099,0.597,0.403,0.436,2.7,0.152,0.138,0.198,0.168,0.298,75808,0.098,0.059,0.561,0.622,0.23,0.295,0.111,0.024,0.057,0.034,0.24,0.659,0.623,"4,749","52,951"
"10","Arleta",0.191,0.138,0.251,0.22,0.118,0.081,29,3.1,0.455,0.086,0.113,0.195,0.487,0.027,0.205,0.11,0.022,0.717,0.868,0.132,0.46,4,0.062,0.135,0.255,0.225,0.304,65649,0.061,0.046,0.546,0.543,0.305,0.389,0.088,0.022,0.102,0.116,0.245,0.532,0.804,"10,034","31,068"
"11","Arlington Heights",0.19,0.112,0.272,0.222,0.118,0.086,31,1,0.6,0.102,0.139,0.178,0.466,0.037,0.217,0.129,0.245,0.566,0.953,0.047,0.498,3,0.044,0.424,0.253,0.113,0.118,31421,0.08,0.058,0.464,0.495,0.359,0.424,0.097,0.023,0.176,0.102,0.289,0.425,0.184,"21,423","22,096"
"12","Artesia",0.165,0.121,0.226,0.225,0.134,0.128,33,1.6,0.706,0.136,0.188,0.234,0.34,0.052,0.238,0.276,0.03,0.383,0.739,0.261,0.458,3.4,0.059,0.16,0.267,0.217,0.269,60538,0.08,0.05,0.531,0.569,0.266,0.36,0.124,0.021,0.121,0.086,0.298,0.471,0.565,"10,036","16,380"
"13","Athens",0.238,0.122,0.235,0.197,0.136,0.073,27,1.3,0.547,0.097,0.125,0.188,0.386,0.028,0.301,0.029,0.543,0.397,0.988,0.012,0.28,3.4,0.032,0.284,0.232,0.184,0.236,48824,0.086,0.085,0.455,0.509,0.369,0.39,0.089,0.016,0.071,0.086,0.348,0.489,0.559,"6,829","9,101"
"14","Atwater Village",0.149,0.099,0.263,0.22,0.152,0.117,34,1.8,0.645,0.172,0.226,0.16,0.33,0.054,0.285,0.197,0.014,0.513,0.778,0.222,0.493,2.7,0.034,0.201,0.28,0.214,0.227,53872,0.095,0.073,0.485,0.515,0.337,0.389,0.084,0.023,0.14,0.108,0.209,0.534,0.404,"8,379","14,888"
"15","Avalon",0.184,0.132,0.229,0.227,0.13,0.098,31,2.7,0.543,0.139,0.202,0.243,0.244,0.063,0.31,0.015,0.003,0.458,0.504,0.496,0.246,2.6,0.039,0.118,0.2,0.124,0.143,53200,0.141,0.084,0.511,0.539,0.238,0.364,0.109,0.012,0.137,0.021,0.333,0.5,0.272,"1,159","3,181"
"16","Avocado Heights",0.194,0.13,0.25,0.204,0.128,0.093,30,2.9,0.362,0.066,0.091,0.218,0.433,0.025,0.258,0.085,0.007,0.787,0.89,0.11,0.371,3.9,0.062,0.164,0.232,0.224,0.303,64544,0.065,0.05,0.556,0.554,0.299,0.375,0.08,0.021,0.098,0.124,0.346,0.416,0.723,"5,907","17,415"
"17","Azusa",0.202,0.133,0.303,0.199,0.093,0.07,26,9.9,0.521,0.099,0.142,0.199,0.393,0.043,0.266,0.056,0.034,0.647,0.764,0.236,0.34,3.3,0.03,0.224,0.263,0.202,0.239,53299,0.1,0.061,0.467,0.502,0.367,0.417,0.066,0.02,0.155,0.149,0.268,0.405,0.504,"4,496","44,384"
"18","Baldwin Hills/Crenshaw",0.171,0.104,0.21,0.215,0.152,0.149,36,2.9,0.457,0.154,0.241,0.22,0.214,0.087,0.326,0.047,0.713,0.173,0.967,0.033,0.166,2.3,0.048,0.352,0.241,0.134,0.172,37948,0.155,0.109,0.336,0.449,0.374,0.407,0.135,0.035,0.123,0.041,0.248,0.579,0.309,"10,446","30,123"
"19","Baldwin Park",0.223,0.143,0.26,0.209,0.104,0.061,25,6.8,0.36,0.074,0.09,0.211,0.525,0.016,0.175,0.118,0.014,0.787,0.926,0.074,0.457,4.2,0.035,0.194,0.264,0.234,0.245,56585,0.066,0.048,0.552,0.542,0.308,0.394,0.074,0.016,0.139,0.177,0.285,0.396,0.607,"11,176","75,753"
"20","Bel-Air",0.122,0.074,0.124,0.243,0.228,0.209,46,6.4,0.301,0.297,0.661,0.092,0.042,0.364,0.206,0.082,0.009,0.046,0.17,0.83,0.241,2.4,0.551,0.063,0.085,0.06,0.192,207938,0.07,0.082,0.657,0.66,0.154,0.236,0.119,0.022,0.07,0.008,0.163,0.743,0.855,"1,207","7,691"
"21","Bell",0.233,0.135,0.3,0.192,0.089,0.051,24,2.6,0.173,0.027,0.04,0.179,0.649,0.013,0.133,0.012,0.008,0.907,0.941,0.059,0.533,3.9,0.017,0.281,0.352,0.178,0.141,40556,0.06,0.039,0.554,0.531,0.316,0.416,0.07,0.014,0.151,0.233,0.163,0.412,0.309,"14,357","36,667"
"22","Bellflower",0.21,0.123,0.246,0.223,0.116,0.082,30,6.2,0.694,0.098,0.129,0.266,0.292,0.031,0.313,0.101,0.123,0.428,0.692,0.308,0.284,3,0.038,0.217,0.274,0.192,0.246,53325,0.124,0.092,0.499,0.546,0.289,0.344,0.089,0.019,0.148,0.11,0.339,0.392,0.403,"11,756","72,829"
"23","Bell Gardens",0.261,0.152,0.287,0.185,0.075,0.04,22,2.5,0.119,0.022,0.04,0.155,0.687,0.018,0.119,0.005,0.006,0.937,0.953,0.047,0.504,4.4,0.02,0.286,0.343,0.189,0.13,41532,0.062,0.038,0.531,0.529,0.35,0.419,0.057,0.014,0.229,0.174,0.136,0.412,0.238,"17,762","44,054"
"24","Beverly Crest",0.121,0.072,0.133,0.261,0.242,0.17,45,8.2,0.23,0.347,0.676,0.095,0.045,0.329,0.185,0.04,0.017,0.034,0.125,0.875,0.25,2.4,0.474,0.064,0.066,0.07,0.275,169282,0.115,0.101,0.595,0.634,0.204,0.249,0.086,0.016,0.028,0.016,0.237,0.707,0.9,"1,318","10,852"
"25","Beverly Grove",0.05,0.034,0.338,0.245,0.129,0.204,38,1.6,0.319,0.346,0.5,0.147,0.11,0.154,0.244,0.051,0.02,0.06,0.18,0.82,0.363,1.7,0.106,0.21,0.195,0.194,0.249,63039,0.132,0.079,0.327,0.352,0.405,0.532,0.136,0.037,0.08,0.07,0.157,0.671,0.252,"12,990","21,417"
"26","Beverly Hills",0.101,0.107,0.193,0.234,0.187,0.177,41,5.7,0.32,0.297,0.545,0.13,0.092,0.248,0.233,0.076,0.014,0.048,0.182,0.818,0.382,2.2,0.281,0.142,0.139,0.132,0.255,96312,0.107,0.063,0.482,0.58,0.296,0.33,0.115,0.027,0.049,0.039,0.174,0.728,0.435,"5,933","33,829"
"27","Beverlywood",0.173,0.092,0.162,0.257,0.151,0.165,39,0.8,0.348,0.265,0.553,0.141,0.074,0.288,0.232,0.073,0.042,0.061,0.2,0.8,0.245,2.5,0.309,0.114,0.144,0.121,0.285,105253,0.087,0.055,0.58,0.646,0.211,0.265,0.122,0.035,0.032,0.012,0.187,0.766,0.703,"7,654","6,080"
"28","Boyle Heights",0.228,0.138,0.282,0.181,0.095,0.077,25,6.5,0.115,0.035,0.05,0.154,0.688,0.014,0.109,0.024,0.009,0.94,0.98,0.02,0.524,3.8,0.019,0.386,0.297,0.136,0.104,33235,0.057,0.049,0.515,0.5,0.35,0.431,0.077,0.021,0.126,0.17,0.224,0.472,0.241,"14,229","92,756"
"29","Bradbury",0.126,0.105,0.091,0.24,0.191,0.248,46,1.9,0.513,0.25,0.472,0.154,0.076,0.222,0.298,0.187,0.01,0.119,0.339,0.661,0.229,2.8,0.311,0.033,0.127,0.135,0.342,123773,0.114,0.069,0.574,0.679,0.194,0.213,0.117,0.039,0.125,0,0.142,0.734,0.843,"658","1,268"
"30","Brentwood",0.087,0.054,0.284,0.223,0.18,0.172,39,15.2,0.283,0.371,0.704,0.076,0.037,0.333,0.183,0.065,0.012,0.045,0.158,0.842,0.211,2,0.324,0.101,0.112,0.131,0.291,112927,0.127,0.078,0.43,0.532,0.366,0.364,0.077,0.027,0.052,0.036,0.182,0.726,0.516,"2,059","31,344"
"31","Broadway-Manchester",0.253,0.157,0.256,0.192,0.084,0.058,23,1.6,0.502,0.029,0.039,0.208,0.581,0.01,0.172,0.004,0.393,0.586,0.99,0.01,0.35,3.7,0.01,0.405,0.26,0.12,0.092,29897,0.071,0.056,0.428,0.464,0.406,0.455,0.095,0.025,0.199,0.098,0.144,0.554,0.369,"15,060","23,471"
"32","Burbank",0.133,0.1,0.233,0.263,0.141,0.129,36,17.3,0.581,0.206,0.29,0.213,0.169,0.084,0.328,0.092,0.016,0.248,0.412,0.588,0.311,2.4,0.083,0.188,0.22,0.183,0.297,64416,0.126,0.093,0.499,0.531,0.263,0.354,0.112,0.022,0.145,0.072,0.264,0.51,0.436,"5,785","100,316"
"33","Calabasas",0.16,0.132,0.15,0.29,0.187,0.081,38,18.5,0.298,0.334,0.571,0.113,0.03,0.237,0.286,0.082,0.01,0.053,0.168,0.832,0.19,2.7,0.372,0.068,0.106,0.118,0.315,126178,0.107,0.06,0.637,0.692,0.207,0.235,0.049,0.013,0.041,0.029,0.33,0.589,0.797,"1,247","23,130"
"34","Canoga Park",0.194,0.108,0.295,0.231,0.095,0.077,30,4.3,0.632,0.133,0.18,0.206,0.351,0.046,0.264,0.111,0.043,0.509,0.693,0.307,0.428,3,0.042,0.227,0.282,0.193,0.229,51601,0.103,0.07,0.522,0.511,0.296,0.404,0.079,0.015,0.152,0.103,0.239,0.503,0.364,"12,240","53,227"
"35","Carson",0.171,0.128,0.216,0.219,0.161,0.105,33,19.1,0.741,0.137,0.181,0.214,0.294,0.043,0.311,0.244,0.248,0.349,0.88,0.12,0.329,3.5,0.065,0.146,0.205,0.214,0.343,70645,0.09,0.058,0.53,0.569,0.286,0.352,0.093,0.021,0.113,0.096,0.307,0.477,0.78,"4,676","89,549"
"36","Carthay",0.098,0.065,0.279,0.276,0.141,0.142,37,0.5,0.615,0.342,0.532,0.114,0.106,0.191,0.248,0.085,0.128,0.159,0.422,0.578,0.251,2.1,0.156,0.202,0.182,0.166,0.272,71398,0.12,0.076,0.374,0.488,0.348,0.424,0.158,0.012,0.035,0.074,0.295,0.58,0.353,"9,642","4,866"
"37","Castaic",0.122,0.092,0.364,0.325,0.074,0.022,31,5.5,0.654,0.151,0.19,0.266,0.207,0.04,0.337,0.055,0.132,0.322,0.53,0.47,0.175,3.2,0.185,0.058,0.097,0.129,0.507,108693,0.078,0.072,0.726,0.8,0.172,0.087,0.023,0.041,0.309,0.171,0.33,0.188,0.875,"3,076","16,843"
"38","Castaic Canyons",0.185,0.134,0.184,0.288,0.151,0.057,34,192.7,0.43,0.165,0.225,0.233,0.126,0.06,0.416,0.039,0.029,0.165,0.265,0.735,0.098,3,0.147,0.086,0.137,0.158,0.411,93248,0.102,0.074,0.684,0.651,0.168,0.261,0.046,0.013,0.146,0.074,0.376,0.402,0.856,"40","7,757"
"39","Central-Alameda",0.258,0.158,0.298,0.176,0.066,0.044,22,2.2,0.267,0.019,0.028,0.131,0.75,0.009,0.091,0.007,0.133,0.846,0.99,0.01,0.527,4.3,0.022,0.39,0.289,0.122,0.085,31559,0.046,0.036,0.535,0.519,0.362,0.426,0.057,0.019,0.137,0.136,0.152,0.498,0.298,"18,760","40,947"
"40","Century City",0.085,0.038,0.206,0.226,0.181,0.264,46,0.7,0.309,0.287,0.554,0.112,0.059,0.267,0.275,0.086,0.014,0.044,0.175,0.825,0.255,1.8,0.282,0.141,0.133,0.151,0.232,95135,0.113,0.109,0.46,0.561,0.258,0.297,0.17,0.033,0.045,0.072,0.124,0.748,0.604,"7,869","5,513"
"41","Cerritos",0.129,0.13,0.179,0.239,0.227,0.095,38,8.9,0.599,0.293,0.435,0.162,0.095,0.142,0.309,0.583,0.064,0.105,0.79,0.21,0.455,3.3,0.173,0.077,0.145,0.157,0.434,98212,0.077,0.035,0.605,0.635,0.242,0.313,0.077,0.017,0.082,0.085,0.348,0.483,0.834,"5,851","51,831"
"42","Charter Oak",0.177,0.13,0.219,0.256,0.133,0.085,32,0.9,0.659,0.12,0.179,0.25,0.186,0.059,0.385,0.098,0.048,0.363,0.558,0.442,0.176,2.9,0.049,0.166,0.211,0.207,0.341,68092,0.153,0.093,0.523,0.575,0.232,0.313,0.092,0.019,0.168,0.082,0.307,0.435,0.629,"9,816","9,046"
"43","Chatsworth",0.131,0.105,0.176,0.261,0.197,0.13,40,15.2,0.527,0.223,0.34,0.215,0.109,0.116,0.336,0.144,0.022,0.135,0.343,0.657,0.252,2.6,0.149,0.113,0.155,0.196,0.367,84456,0.117,0.081,0.565,0.611,0.223,0.286,0.096,0.022,0.071,0.071,0.304,0.543,0.711,"2,301","35,073"
"45","Chesterfield Square",0.202,0.148,0.201,0.225,0.119,0.105,31,0.6,0.52,0.045,0.06,0.243,0.392,0.015,0.305,0.008,0.586,0.369,0.985,0.015,0.234,3,0.019,0.329,0.275,0.163,0.127,37737,0.136,0.079,0.376,0.435,0.371,0.463,0.117,0.024,0.096,0.082,0.241,0.55,0.506,"9,571","6,062"
"46","Cheviot Hills",0.129,0.082,0.173,0.247,0.186,0.182,42,1.5,0.364,0.285,0.6,0.1,0.052,0.315,0.248,0.091,0.013,0.083,0.212,0.788,0.208,2.2,0.327,0.109,0.119,0.134,0.27,111813,0.141,0.077,0.526,0.576,0.234,0.321,0.1,0.026,0.058,0.045,0.198,0.679,0.643,"4,520","6,945"
"47","Chinatown",0.143,0.091,0.221,0.202,0.143,0.199,37,0.9,0.445,0.067,0.083,0.156,0.606,0.017,0.155,0.706,0.018,0.235,0.975,0.025,0.724,2.8,0.01,0.536,0.249,0.087,0.074,22754,0.042,0.044,0.533,0.59,0.275,0.342,0.149,0.025,0.062,0.099,0.283,0.556,0.09,"10,568","9,610"
"48","Citrus",0.21,0.142,0.278,0.204,0.109,0.057,26,1,0.519,0.09,0.115,0.229,0.388,0.024,0.268,0.065,0.037,0.649,0.769,0.231,0.339,3.7,0.04,0.152,0.214,0.256,0.298,66638,0.088,0.064,0.521,0.53,0.315,0.389,0.076,0.017,0.185,0.161,0.261,0.378,0.629,"11,827","11,964"
"49","Claremont",0.105,0.126,0.243,0.211,0.168,0.148,36,16.7,0.545,0.242,0.523,0.143,0.075,0.282,0.259,0.117,0.047,0.155,0.357,0.643,0.159,2.5,0.175,0.135,0.154,0.144,0.371,89804,0.106,0.056,0.517,0.558,0.295,0.357,0.082,0.029,0.076,0.056,0.299,0.561,0.679,"2,124","35,397"
"50","Commerce",0.212,0.138,0.254,0.188,0.106,0.103,27,6.6,0.125,0.031,0.046,0.215,0.542,0.016,0.197,0.011,0.004,0.934,0.956,0.044,0.388,3.6,0.019,0.276,0.291,0.188,0.2,46245,0.053,0.045,0.526,0.545,0.315,0.38,0.105,0.03,0.043,0.069,0.283,0.578,0.474,"1,912","12,583"
"51","Compton",0.248,0.153,0.244,0.191,0.091,0.073,24,10.3,0.519,0.041,0.06,0.212,0.517,0.019,0.212,0.014,0.398,0.567,0.992,0.008,0.312,3.9,0.028,0.296,0.267,0.178,0.168,43157,0.088,0.054,0.479,0.498,0.348,0.419,0.084,0.029,0.157,0.084,0.222,0.529,0.572,"9,199","94,384"
"52","Covina",0.177,0.116,0.226,0.239,0.133,0.109,33,7.6,0.653,0.134,0.19,0.264,0.183,0.056,0.363,0.098,0.047,0.395,0.578,0.422,0.2,2.9,0.062,0.177,0.224,0.188,0.319,66438,0.128,0.083,0.519,0.553,0.258,0.338,0.095,0.026,0.124,0.116,0.281,0.472,0.598,"6,701","50,954"
"53","Cudahy",0.258,0.159,0.294,0.178,0.074,0.038,22,1.2,0.117,0.02,0.03,0.172,0.674,0.011,0.124,0.007,0.002,0.938,0.956,0.044,0.531,4.3,0.02,0.329,0.326,0.181,0.122,39048,0.057,0.039,0.547,0.548,0.336,0.404,0.061,0.009,0.203,0.138,0.207,0.453,0.174,"19,697","24,208"
"54","Culver City",0.132,0.084,0.201,0.273,0.17,0.139,39,5.2,0.681,0.239,0.412,0.153,0.128,0.173,0.306,0.123,0.107,0.238,0.517,0.483,0.266,2.3,0.107,0.141,0.206,0.211,0.306,70774,0.151,0.088,0.476,0.543,0.286,0.346,0.086,0.022,0.084,0.081,0.251,0.572,0.544,"7,475","38,816"
"55","Cypress Park",0.207,0.119,0.284,0.191,0.115,0.084,27,0.7,0.311,0.053,0.084,0.14,0.64,0.031,0.136,0.111,0.006,0.821,0.951,0.049,0.525,3.7,0.055,0.3,0.276,0.159,0.16,42615,0.056,0.035,0.518,0.544,0.333,0.4,0.092,0.021,0.248,0.228,0.152,0.328,0.417,"13,478","9,764"
"56","Del Aire",0.189,0.112,0.223,0.267,0.123,0.085,33,1,0.657,0.108,0.151,0.254,0.251,0.043,0.344,0.088,0.071,0.464,0.664,0.336,0.327,3.1,0.079,0.165,0.225,0.196,0.313,66442,0.112,0.07,0.557,0.545,0.254,0.359,0.077,0.026,0.169,0.102,0.305,0.419,0.664,"9,132","9,039"
"57","Del Rey",0.131,0.097,0.272,0.232,0.149,0.119,35,2.5,0.666,0.209,0.309,0.16,0.275,0.1,0.256,0.141,0.044,0.443,0.66,0.34,0.379,2.5,0.107,0.199,0.231,0.182,0.26,62259,0.127,0.076,0.469,0.471,0.32,0.429,0.084,0.024,0.092,0.084,0.229,0.588,0.448,"11,420","28,010"
"58","Desert View Highlands",0.187,0.166,0.161,0.309,0.112,0.064,33,0.4,0.645,0.136,0.172,0.239,0.153,0.036,0.436,0.068,0.109,0.279,0.49,0.51,0.169,3.3,0.043,0.117,0.176,0.196,0.44,80867,0.109,0.098,0.631,0.623,0.212,0.255,0.049,0.024,0.18,0.145,0.332,0.343,0.814,"5,160","2,287"
"59","Diamond Bar",0.152,0.132,0.19,0.276,0.177,0.072,36,15.1,0.687,0.29,0.424,0.169,0.093,0.134,0.313,0.425,0.046,0.186,0.691,0.309,0.385,3.2,0.15,0.092,0.145,0.177,0.423,92414,0.088,0.045,0.616,0.637,0.232,0.303,0.063,0.016,0.11,0.111,0.363,0.414,0.828,"3,754","56,784"
"60","Downey",0.181,0.126,0.245,0.215,0.122,0.112,31,12.5,0.577,0.119,0.173,0.249,0.277,0.054,0.301,0.074,0.035,0.578,0.714,0.286,0.353,3.1,0.067,0.188,0.231,0.21,0.282,61839,0.105,0.069,0.524,0.565,0.272,0.341,0.099,0.026,0.11,0.083,0.243,0.556,0.518,"8,566","107,323"
"61","Downtown",0.075,0.049,0.285,0.265,0.166,0.16,39,5.8,0.743,0.101,0.179,0.201,0.41,0.078,0.209,0.213,0.223,0.367,0.838,0.162,0.419,1.6,0.032,0.574,0.138,0.053,0.084,15003,0.099,0.147,0.405,0.351,0.329,0.455,0.167,0.047,0.27,0.046,0.323,0.35,0.066,"4,770","27,849"
"62","Duarte",0.181,0.117,0.207,0.23,0.144,0.12,34,6.7,0.687,0.163,0.236,0.223,0.256,0.073,0.285,0.127,0.087,0.431,0.681,0.319,0.329,3.1,0.072,0.178,0.211,0.175,0.336,68539,0.117,0.08,0.527,0.583,0.249,0.313,0.108,0.025,0.14,0.056,0.322,0.482,0.71,"3,212","21,486"
"63","Eagle Rock",0.15,0.096,0.251,0.234,0.146,0.123,35,4.3,0.69,0.219,0.304,0.177,0.216,0.086,0.303,0.239,0.019,0.403,0.702,0.298,0.385,2.8,0.093,0.172,0.223,0.179,0.299,67253,0.101,0.069,0.496,0.526,0.304,0.381,0.1,0.024,0.128,0.093,0.239,0.527,0.561,"7,644","32,493"
"64","East Compton",0.257,0.161,0.266,0.187,0.092,0.037,22,0.8,0.416,0.029,0.039,0.183,0.588,0.01,0.19,0.01,0.229,0.729,0.987,0.013,0.41,4.4,0.032,0.291,0.259,0.199,0.167,44439,0.069,0.042,0.529,0.526,0.352,0.411,0.051,0.021,0.129,0.154,0.411,0.306,0.561,"16,542","13,802"
"65","East Hollywood",0.176,0.112,0.277,0.243,0.103,0.089,31,2.4,0.578,0.1,0.134,0.195,0.484,0.034,0.187,0.155,0.024,0.604,0.825,0.175,0.665,3,0.01,0.435,0.317,0.117,0.087,29927,0.072,0.057,0.509,0.498,0.333,0.426,0.086,0.019,0.24,0.214,0.164,0.376,0.087,"31,095","73,967"
"66","East La Mirada",0.166,0.12,0.212,0.236,0.144,0.122,35,1.1,0.561,0.115,0.149,0.307,0.163,0.034,0.381,0.037,0.014,0.38,0.459,0.541,0.122,2.8,0.065,0.158,0.214,0.204,0.347,69930,0.124,0.066,0.547,0.612,0.24,0.301,0.088,0.02,0.111,0.061,0.281,0.547,0.648,"8,506","9,442"
"67","East Los Angeles",0.227,0.134,0.283,0.18,0.092,0.083,25,7.5,0.065,0.026,0.037,0.175,0.661,0.01,0.127,0.01,0.003,0.967,0.983,0.017,0.486,3.9,0.02,0.324,0.31,0.168,0.137,38621,0.064,0.042,0.499,0.51,0.353,0.423,0.084,0.025,0.129,0.155,0.171,0.541,0.366,"16,863","125,897"
"68","East Pasadena",0.161,0.102,0.204,0.236,0.166,0.132,36,1.3,0.692,0.256,0.398,0.127,0.206,0.142,0.269,0.197,0.022,0.358,0.628,0.372,0.375,2.9,0.177,0.152,0.205,0.164,0.257,73690,0.076,0.062,0.607,0.61,0.226,0.317,0.091,0.011,0.101,0.056,0.295,0.548,0.712,"4,622","6,045"
"69","East San Gabriel",0.141,0.109,0.222,0.251,0.151,0.126,36,2.2,0.683,0.207,0.321,0.19,0.199,0.114,0.29,0.406,0.016,0.268,0.718,0.282,0.451,2.9,0.076,0.178,0.237,0.175,0.303,64365,0.106,0.07,0.528,0.592,0.282,0.318,0.084,0.02,0.122,0.076,0.253,0.543,0.544,"10,157","22,171"
"70","Echo Park",0.186,0.108,0.293,0.217,0.115,0.081,30,2.4,0.538,0.123,0.18,0.161,0.48,0.057,0.178,0.188,0.02,0.64,0.871,0.129,0.531,3,0.034,0.33,0.288,0.142,0.141,37708,0.079,0.052,0.463,0.46,0.383,0.468,0.076,0.02,0.186,0.138,0.237,0.436,0.24,"16,868","40,455"
"71","Elizabeth Lake",0.17,0.202,0.146,0.298,0.131,0.053,33,6.3,0.39,0.121,0.167,0.262,0.133,0.046,0.438,0.009,0.043,0.162,0.238,0.762,0.049,2.7,0.052,0.106,0.162,0.193,0.34,75951,0.148,0.087,0.66,0.583,0.145,0.302,0.047,0.028,0.188,0.08,0.399,0.333,0.774,"219","1,379"
"72","El Monte",0.221,0.136,0.278,0.198,0.102,0.066,26,9.7,0.435,0.051,0.071,0.199,0.558,0.02,0.172,0.185,0.005,0.725,0.927,0.073,0.513,4,0.03,0.275,0.306,0.187,0.179,44415,0.073,0.042,0.536,0.527,0.316,0.413,0.075,0.019,0.17,0.105,0.276,0.435,0.41,"11,995","116,249"
"73","El Segundo",0.142,0.09,0.224,0.296,0.153,0.095,36,5.5,0.38,0.278,0.408,0.155,0.072,0.13,0.365,0.067,0.011,0.103,0.224,0.776,0.124,2.3,0.119,0.087,0.175,0.206,0.389,83925,0.159,0.138,0.483,0.499,0.27,0.34,0.088,0.024,0.137,0.121,0.386,0.356,0.419,"2,925","15,970"
"74","El Sereno",0.198,0.125,0.27,0.197,0.114,0.095,28,4.2,0.325,0.065,0.094,0.202,0.498,0.029,0.206,0.114,0.017,0.812,0.951,0.049,0.425,3.5,0.033,0.276,0.281,0.192,0.178,45866,0.071,0.051,0.496,0.537,0.35,0.392,0.082,0.02,0.112,0.097,0.193,0.594,0.481,"9,826","40,954"
"75","Elysian Park",0.19,0.138,0.221,0.228,0.133,0.091,31,1.6,0.582,0.082,0.13,0.165,0.555,0.048,0.15,0.434,0.021,0.476,0.969,0.031,0.544,3.1,0.033,0.5,0.295,0.1,0.111,28263,0.06,0.091,0.501,0.484,0.33,0.418,0.11,0.008,0.275,0.089,0.178,0.39,0.181,"1,538","2,530"
"76","Elysian Valley",0.173,0.137,0.247,0.224,0.133,0.086,31,0.8,0.552,0.116,0.171,0.169,0.453,0.054,0.208,0.256,0.011,0.61,0.903,0.097,0.475,3.4,0.038,0.24,0.268,0.206,0.181,49013,0.062,0.042,0.501,0.575,0.351,0.358,0.086,0.026,0.343,0.055,0.237,0.365,0.478,"9,354","7,387"
"77","Encino",0.111,0.074,0.188,0.244,0.185,0.197,42,9.5,0.346,0.262,0.468,0.162,0.093,0.206,0.277,0.049,0.024,0.085,0.199,0.801,0.328,2.3,0.221,0.16,0.181,0.158,0.252,78529,0.136,0.089,0.532,0.602,0.221,0.279,0.111,0.03,0.042,0.046,0.176,0.719,0.616,"4,411","41,905"
"78","Exposition Park",0.215,0.141,0.261,0.216,0.096,0.07,26,1.8,0.539,0.052,0.073,0.191,0.512,0.021,0.225,0.016,0.381,0.561,0.978,0.022,0.385,3.3,0.014,0.381,0.289,0.132,0.105,33999,0.089,0.054,0.431,0.472,0.391,0.455,0.088,0.019,0.202,0.11,0.269,0.412,0.31,"16,819","31,062"
"79","Fairfax",0.107,0.062,0.365,0.226,0.098,0.142,33,1.2,0.277,0.374,0.546,0.128,0.095,0.172,0.231,0.045,0.022,0.059,0.153,0.847,0.232,2,0.115,0.21,0.197,0.159,0.285,65938,0.095,0.056,0.359,0.365,0.455,0.549,0.09,0.031,0.07,0.095,0.219,0.605,0.285,"10,122","12,490"
"80","Florence",0.257,0.153,0.266,0.189,0.075,0.059,23,2.8,0.434,0.019,0.028,0.183,0.659,0.01,0.129,0.004,0.281,0.698,0.996,0.004,0.413,3.8,0.017,0.422,0.254,0.127,0.084,29447,0.067,0.057,0.479,0.483,0.362,0.431,0.092,0.028,0.126,0.179,0.255,0.419,0.348,"15,661","43,815"
"81","Florence-Firestone",0.262,0.156,0.276,0.183,0.073,0.049,22,3.6,0.243,0.016,0.024,0.162,0.709,0.008,0.106,0,0.128,0.861,0.992,0.008,0.455,4.2,0.015,0.371,0.311,0.145,0.102,34408,0.055,0.035,0.499,0.504,0.372,0.439,0.074,0.022,0.125,0.109,0.189,0.538,0.376,"16,805","60,154"
"82","Gardena",0.172,0.097,0.239,0.227,0.139,0.126,34,5.8,0.748,0.128,0.166,0.258,0.26,0.038,0.316,0.272,0.245,0.318,0.876,0.124,0.328,2.8,0.035,0.242,0.252,0.19,0.251,52897,0.109,0.082,0.506,0.531,0.286,0.364,0.098,0.022,0.152,0.065,0.267,0.513,0.473,"9,894","57,818"
"83","Glassell Park",0.198,0.117,0.266,0.213,0.124,0.081,30,2.8,0.513,0.136,0.197,0.16,0.419,0.061,0.224,0.174,0.014,0.661,0.863,0.137,0.515,3.3,0.053,0.235,0.278,0.186,0.202,50098,0.066,0.062,0.522,0.528,0.328,0.395,0.084,0.015,0.138,0.15,0.217,0.487,0.438,"8,524","23,467"
"84","Glendale",0.137,0.1,0.217,0.256,0.151,0.139,37,30.6,0.635,0.208,0.321,0.192,0.21,0.112,0.278,0.163,0.01,0.196,0.459,0.541,0.544,2.7,0.092,0.24,0.224,0.181,0.238,57112,0.1,0.06,0.533,0.591,0.25,0.33,0.117,0.019,0.132,0.089,0.231,0.534,0.384,"6,368","195,047"
"85","Glendora",0.161,0.122,0.18,0.251,0.16,0.126,37,19.5,0.495,0.166,0.257,0.217,0.129,0.091,0.397,0.065,0.013,0.221,0.328,0.672,0.141,2.8,0.124,0.125,0.185,0.183,0.37,81336,0.113,0.078,0.577,0.626,0.211,0.268,0.098,0.028,0.083,0.062,0.33,0.52,0.735,"2,568","50,177"
"86","Gramercy Park",0.177,0.119,0.185,0.209,0.168,0.143,36,1.1,0.241,0.109,0.149,0.215,0.229,0.04,0.407,0.004,0.864,0.115,0.992,0.008,0.093,2.8,0.025,0.197,0.237,0.195,0.275,57983,0.163,0.111,0.401,0.488,0.305,0.37,0.131,0.031,0.091,0.088,0.296,0.507,0.704,"8,859","10,047"
"87","Granada Hills",0.142,0.111,0.201,0.253,0.168,0.126,37,15.1,0.62,0.223,0.327,0.213,0.13,0.104,0.33,0.163,0.034,0.206,0.445,0.555,0.292,2.9,0.143,0.116,0.174,0.177,0.367,83911,0.102,0.067,0.585,0.604,0.222,0.31,0.091,0.019,0.085,0.067,0.265,0.572,0.736,"3,344","50,535"
"88","Green Meadows",0.243,0.163,0.231,0.202,0.08,0.08,24,2.2,0.512,0.029,0.036,0.209,0.56,0.007,0.195,0.003,0.441,0.542,0.994,0.006,0.302,3.7,0.016,0.396,0.262,0.131,0.103,31347,0.075,0.051,0.424,0.503,0.389,0.428,0.113,0.019,0.131,0.121,0.215,0.511,0.484,"12,785","28,381"
"89","Green Valley",0.164,0.142,0.147,0.297,0.164,0.087,37,2.6,0.42,0.097,0.171,0.285,0.107,0.074,0.437,0.033,0.055,0.124,0.252,0.748,0.127,2.6,0.034,0.099,0.127,0.185,0.358,78712,0.069,0.16,0.65,0.557,0.201,0.261,0.079,0.022,0.097,0.091,0.491,0.315,0.863,"290","754"
"91","Hacienda Heights",0.14,0.128,0.204,0.236,0.173,0.118,36,11.9,0.674,0.208,0.308,0.218,0.184,0.1,0.291,0.361,0.012,0.381,0.775,0.225,0.4,3.2,0.114,0.128,0.186,0.177,0.371,80762,0.081,0.057,0.573,0.621,0.261,0.308,0.086,0.014,0.065,0.09,0.296,0.542,0.795,"4,503","53,525"
"92","Hancock Park",0.121,0.076,0.246,0.26,0.164,0.134,37,1.5,0.473,0.349,0.562,0.11,0.069,0.213,0.26,0.131,0.038,0.085,0.293,0.707,0.263,2.1,0.259,0.153,0.159,0.148,0.243,85277,0.125,0.081,0.459,0.486,0.344,0.413,0.072,0.02,0.106,0.029,0.201,0.652,0.473,"6,459","9,804"
"94","Harbor City",0.205,0.107,0.272,0.226,0.112,0.078,30,2.6,0.674,0.133,0.181,0.218,0.292,0.048,0.309,0.141,0.107,0.481,0.749,0.251,0.362,2.9,0.052,0.231,0.236,0.186,0.256,55454,0.101,0.067,0.523,0.555,0.303,0.352,0.073,0.026,0.17,0.097,0.29,0.432,0.456,"9,127","23,561"
"95","Harbor Gateway",0.219,0.116,0.285,0.206,0.102,0.073,27,5.1,0.648,0.091,0.124,0.225,0.397,0.033,0.254,0.16,0.163,0.534,0.882,0.118,0.408,3.3,0.031,0.254,0.298,0.17,0.221,47849,0.074,0.061,0.562,0.519,0.301,0.402,0.063,0.018,0.111,0.109,0.281,0.493,0.403,"7,720","39,688"
"96","Harvard Heights",0.188,0.117,0.277,0.226,0.113,0.08,30,0.8,0.517,0.074,0.103,0.169,0.56,0.029,0.168,0.133,0.16,0.663,0.967,0.033,0.578,3.2,0.019,0.422,0.279,0.123,0.104,31173,0.089,0.055,0.482,0.5,0.34,0.428,0.088,0.017,0.189,0.125,0.251,0.427,0.157,"23,473","18,587"
"97","Harvard Park",0.212,0.151,0.217,0.215,0.115,0.09,28,0.6,0.533,0.035,0.048,0.233,0.48,0.013,0.238,0.006,0.484,0.482,0.989,0.011,0.312,3.3,0.018,0.341,0.273,0.152,0.124,37013,0.124,0.063,0.409,0.468,0.363,0.44,0.104,0.029,0.119,0.042,0.323,0.486,0.51,"16,072","10,297"
"98","Hasley Canyon",0.184,0.124,0.22,0.331,0.108,0.034,33,3.1,0.547,0.15,0.198,0.208,0.176,0.048,0.417,0.037,0.047,0.27,0.387,0.613,0.153,3.1,0.215,0.079,0.091,0.147,0.461,106489,0.117,0.091,0.681,0.684,0.173,0.201,0.029,0.024,0.169,0.147,0.445,0.239,0.9,"136","423"
"99","Hawaiian Gardens",0.238,0.148,0.268,0.19,0.093,0.063,24,1,0.436,0.046,0.067,0.219,0.544,0.021,0.17,0.089,0.046,0.736,0.891,0.109,0.456,3.9,0.021,0.277,0.28,0.235,0.2,46853,0.08,0.054,0.514,0.51,0.33,0.423,0.077,0.014,0.1,0.186,0.286,0.418,0.451,"15,141","14,915"
"100","Hawthorne",0.215,0.112,0.293,0.22,0.1,0.06,27,6.2,0.676,0.086,0.126,0.237,0.332,0.041,0.305,0.076,0.324,0.442,0.871,0.129,0.333,2.9,0.033,0.275,0.309,0.169,0.178,43602,0.116,0.075,0.465,0.502,0.35,0.41,0.069,0.013,0.246,0.143,0.252,0.35,0.257,"13,848","86,265"
"101","Hermosa Beach",0.076,0.04,0.405,0.274,0.138,0.068,33,1.5,0.272,0.444,0.676,0.075,0.025,0.233,0.223,0.049,0.007,0.069,0.151,0.849,0.081,1.9,0.26,0.076,0.123,0.145,0.358,109509,0.103,0.102,0.407,0.373,0.432,0.512,0.058,0.013,0.102,0.124,0.359,0.415,0.427,"12,481","18,442"
"102","Hidden Hills",0.181,0.156,0.084,0.252,0.227,0.1,41,1.7,0.207,0.299,0.579,0.088,0.077,0.28,0.256,0.027,0.004,0.062,0.113,0.887,0.127,3.3,0.646,0.031,0.068,0.059,0.168,203199,0.051,0.055,0.739,0.766,0.165,0.165,0.045,0.014,0,0,0.408,0.592,0.97,"1,100","1,875"
"103","Highland Park",0.214,0.113,0.275,0.208,0.113,0.076,28,3.4,0.449,0.099,0.143,0.183,0.474,0.044,0.2,0.112,0.024,0.724,0.887,0.113,0.451,3.3,0.031,0.277,0.279,0.173,0.188,45478,0.093,0.049,0.504,0.522,0.332,0.412,0.071,0.016,0.151,0.14,0.29,0.414,0.391,"16,835","57,566"
"104","Historic South-Central",0.251,0.14,0.318,0.176,0.076,0.039,23,2.6,0.229,0.021,0.032,0.134,0.742,0.011,0.092,0.01,0.101,0.872,0.988,0.012,0.563,4.1,0.019,0.405,0.284,0.126,0.09,30882,0.05,0.034,0.519,0.491,0.367,0.464,0.064,0.011,0.161,0.168,0.22,0.424,0.204,"19,474","49,728"
"105","Hollywood",0.127,0.076,0.369,0.235,0.104,0.089,31,3.5,0.644,0.195,0.275,0.175,0.317,0.08,0.233,0.071,0.052,0.422,0.59,0.41,0.538,2.1,0.027,0.396,0.284,0.134,0.121,33694,0.088,0.064,0.418,0.371,0.398,0.551,0.096,0.014,0.225,0.172,0.22,0.375,0.076,"22,193","77,818"
"106","Hollywood Hills",0.065,0.035,0.32,0.304,0.158,0.117,37,7,0.433,0.348,0.548,0.111,0.067,0.2,0.274,0.067,0.046,0.094,0.259,0.741,0.228,1.8,0.175,0.175,0.196,0.135,0.227,69277,0.131,0.113,0.416,0.334,0.381,0.535,0.072,0.017,0.13,0.101,0.224,0.546,0.435,"3,063","21,588"
"107","Hollywood Hills West",0.072,0.038,0.252,0.313,0.184,0.14,41,4.9,0.273,0.347,0.588,0.115,0.05,0.241,0.247,0.039,0.027,0.058,0.151,0.849,0.254,1.9,0.335,0.117,0.143,0.111,0.233,108199,0.109,0.088,0.48,0.384,0.327,0.51,0.084,0.018,0.079,0.033,0.186,0.689,0.636,"3,048","14,860"
"108","Huntington Park",0.237,0.139,0.298,0.189,0.085,0.052,24,3,0.094,0.03,0.047,0.149,0.678,0.018,0.125,0.008,0.006,0.951,0.97,0.03,0.559,3.9,0.02,0.308,0.326,0.182,0.135,39185,0.053,0.035,0.547,0.538,0.337,0.412,0.063,0.016,0.162,0.264,0.106,0.458,0.273,"20,223","61,370"
"109","Hyde Park",0.193,0.129,0.222,0.217,0.137,0.103,31,2.9,0.488,0.087,0.123,0.23,0.312,0.035,0.336,0.011,0.66,0.273,0.98,0.02,0.195,2.8,0.024,0.321,0.259,0.152,0.163,39460,0.15,0.089,0.369,0.469,0.371,0.41,0.11,0.032,0.154,0.065,0.244,0.521,0.467,"12,700","36,635"
"110","Industry",0.194,0.088,0.23,0.254,0.055,0.179,33,12.4,0.546,0.078,0.12,0.321,0.334,0.042,0.225,0.089,0.017,0.622,0.76,0.24,0.273,4.6,0.1,0.134,0.202,0.36,0.379,66616,0.012,0.045,0.684,0.581,0.194,0.337,0.11,0.038,0.002,0.001,0.516,0.174,0.399,"82","1,008"
"111","Inglewood",0.212,0.125,0.25,0.22,0.122,0.07,29,9.1,0.571,0.086,0.133,0.201,0.363,0.048,0.303,0.011,0.464,0.46,0.96,0.04,0.295,3,0.032,0.279,0.271,0.178,0.193,46574,0.128,0.083,0.437,0.506,0.356,0.395,0.08,0.016,0.183,0.114,0.273,0.421,0.364,"12,330","112,482"
"112","Irwindale",0.181,0.139,0.264,0.198,0.103,0.115,27,9.6,0.212,0.05,0.073,0.257,0.4,0.024,0.27,0.014,0,0.884,0.919,0.081,0.272,3.5,0.06,0.293,0.158,0.302,0.18,60959,0.13,0,0.415,0.585,0.337,0.386,0.118,0.029,0.17,0,0.33,0.5,0.686,"154","1,472"
"113","Jefferson Park",0.197,0.122,0.245,0.216,0.112,0.108,31,1.4,0.577,0.084,0.118,0.202,0.413,0.034,0.267,0.029,0.468,0.449,0.973,0.027,0.327,2.8,0.023,0.403,0.26,0.128,0.121,32654,0.115,0.071,0.414,0.497,0.376,0.403,0.095,0.029,0.156,0.123,0.245,0.465,0.305,"16,300","23,130"
"114","Koreatown",0.177,0.083,0.336,0.232,0.109,0.062,30,2.7,0.602,0.159,0.214,0.197,0.409,0.055,0.18,0.322,0.048,0.535,0.926,0.074,0.68,2.7,0.022,0.426,0.306,0.122,0.087,30558,0.078,0.054,0.493,0.487,0.362,0.446,0.067,0.014,0.196,0.191,0.18,0.421,0.07,"42,611","115,070"
"115","La Cañada Flintridge",0.155,0.156,0.082,0.269,0.198,0.14,41,8.6,0.457,0.339,0.635,0.087,0.041,0.296,0.236,0.196,0.005,0.047,0.293,0.707,0.195,2.9,0.428,0.077,0.075,0.101,0.305,148996,0.064,0.043,0.669,0.727,0.183,0.207,0.084,0.023,0.07,0.035,0.23,0.656,0.9,"2,369","20,381"
"116","La Crescenta-Montrose",0.147,0.134,0.154,0.29,0.162,0.112,38,3.4,0.514,0.259,0.408,0.173,0.08,0.149,0.338,0.198,0.005,0.096,0.34,0.66,0.284,2.7,0.157,0.122,0.175,0.18,0.342,82693,0.111,0.055,0.586,0.638,0.219,0.279,0.084,0.027,0.138,0.038,0.309,0.504,0.648,"5,401","18,507"
"117","Ladera Heights",0.13,0.089,0.136,0.233,0.223,0.189,43,2.9,0.456,0.269,0.534,0.102,0.026,0.265,0.338,0.033,0.71,0.033,0.809,0.191,0.067,2.5,0.326,0.046,0.114,0.14,0.35,117925,0.182,0.082,0.517,0.625,0.192,0.279,0.109,0.014,0.031,0.028,0.331,0.61,0.768,"2,214","6,509"
"118","La Habra Heights",0.123,0.118,0.126,0.239,0.225,0.169,43,6.2,0.539,0.265,0.493,0.186,0.073,0.228,0.248,0.193,0.023,0.119,0.361,0.639,0.22,2.9,0.379,0.046,0.086,0.103,0.34,137034,0.038,0.073,0.682,0.662,0.19,0.246,0.089,0.019,0.012,0.035,0.26,0.673,0.942,"979","6,094"
"119","Lake Balboa",0.161,0.097,0.232,0.267,0.133,0.11,35,3.1,0.632,0.166,0.235,0.208,0.212,0.07,0.345,0.088,0.035,0.341,0.51,0.49,0.318,2.7,0.068,0.163,0.223,0.204,0.311,65336,0.108,0.102,0.532,0.54,0.262,0.333,0.097,0.025,0.166,0.093,0.235,0.507,0.659,"7,754","24,238"
"120","Lake Hughes",0.169,0.2,0.146,0.298,0.132,0.055,33,9.4,0.389,0.12,0.165,0.264,0.134,0.046,0.437,0.01,0.042,0.161,0.237,0.763,0.049,2.7,0.051,0.11,0.164,0.195,0.335,74918,0.146,0.088,0.66,0.585,0.145,0.298,0.049,0.028,0.184,0.078,0.398,0.34,0.774,"61","571"
"121","Lake Los Angeles",0.227,0.201,0.145,0.256,0.115,0.056,27,7,0.639,0.055,0.088,0.266,0.334,0.032,0.312,0.02,0.092,0.355,0.529,0.471,0.159,3.7,0.024,0.183,0.284,0.228,0.184,52146,0.112,0.104,0.598,0.61,0.23,0.271,0.061,0.016,0.329,0.052,0.305,0.293,0.777,"1,601","11,141"
"122","Lake View Terrace",0.191,0.138,0.227,0.232,0.133,0.078,31,4.2,0.636,0.116,0.164,0.212,0.38,0.048,0.244,0.053,0.171,0.53,0.777,0.223,0.324,3.6,0.075,0.155,0.205,0.208,0.327,67985,0.093,0.085,0.524,0.508,0.3,0.385,0.084,0.021,0.136,0.089,0.293,0.444,0.747,"2,790","11,803"
"123","Lakewood",0.169,0.121,0.202,0.255,0.137,0.116,35,9.5,0.649,0.155,0.207,0.244,0.149,0.051,0.401,0.138,0.07,0.229,0.477,0.523,0.19,2.9,0.068,0.134,0.176,0.196,0.408,78764,0.108,0.08,0.562,0.598,0.225,0.297,0.105,0.025,0.149,0.082,0.321,0.44,0.72,"8,348","79,412"
"124","La Mirada",0.152,0.13,0.206,0.23,0.147,0.135,35,7.8,0.644,0.169,0.252,0.246,0.155,0.083,0.347,0.15,0.017,0.335,0.531,0.469,0.227,3,0.099,0.118,0.176,0.176,0.414,83514,0.088,0.061,0.565,0.622,0.239,0.297,0.108,0.02,0.126,0.063,0.257,0.543,0.82,"5,966","46,782"
"125","Lancaster",0.197,0.143,0.216,0.24,0.114,0.089,31,102.4,0.638,0.103,0.159,0.26,0.215,0.056,0.366,0.039,0.154,0.241,0.474,0.526,0.129,2.9,0.044,0.218,0.224,0.191,0.239,56069,0.132,0.108,0.517,0.542,0.26,0.328,0.091,0.022,0.21,0.141,0.315,0.329,0.614,"1,180","120,783"
"126","La Puente",0.21,0.144,0.262,0.21,0.097,0.077,26,3.5,0.306,0.057,0.078,0.225,0.503,0.021,0.194,0.072,0.019,0.827,0.933,0.067,0.435,4,0.028,0.201,0.272,0.209,0.267,55902,0.082,0.057,0.541,0.535,0.307,0.386,0.07,0.023,0.192,0.156,0.178,0.468,0.608,"11,761","41,009"
"127","Larchmont",0.149,0.077,0.282,0.269,0.139,0.083,34,0.5,0.708,0.223,0.319,0.185,0.249,0.096,0.247,0.3,0.03,0.372,0.754,0.246,0.56,2.5,0.052,0.266,0.282,0.16,0.198,47780,0.109,0.064,0.475,0.502,0.359,0.421,0.057,0.013,0.108,0.296,0.148,0.449,0.271,"17,747","8,631"
"128","La Verne",0.141,0.135,0.19,0.247,0.163,0.125,37,8.6,0.53,0.193,0.314,0.195,0.113,0.121,0.377,0.074,0.028,0.229,0.36,0.64,0.144,2.8,0.131,0.12,0.18,0.175,0.374,83352,0.098,0.069,0.573,0.627,0.239,0.29,0.09,0.014,0.123,0.061,0.316,0.482,0.78,"3,863","33,117"
"129","Lawndale",0.214,0.117,0.286,0.23,0.102,0.05,28,2,0.651,0.085,0.125,0.261,0.366,0.04,0.248,0.105,0.116,0.524,0.779,0.221,0.387,3.2,0.029,0.209,0.285,0.239,0.207,53150,0.133,0.085,0.498,0.503,0.311,0.402,0.059,0.011,0.174,0.195,0.306,0.317,0.33,"16,119","31,729"
"130","Leimert Park",0.146,0.108,0.172,0.243,0.154,0.176,38,1.2,0.351,0.13,0.219,0.198,0.182,0.089,0.4,0.046,0.796,0.114,0.988,0.012,0.107,2.2,0.058,0.29,0.25,0.169,0.18,45865,0.166,0.114,0.335,0.453,0.345,0.387,0.154,0.046,0.116,0.037,0.327,0.502,0.459,"9,880","11,782"
"131","Lennox",0.251,0.156,0.284,0.202,0.066,0.041,23,1.1,0.197,0.02,0.03,0.165,0.695,0.009,0.11,0.012,0.042,0.894,0.961,0.039,0.551,4.2,0.022,0.325,0.315,0.174,0.121,37937,0.044,0.026,0.543,0.557,0.356,0.404,0.056,0.014,0.133,0.19,0.306,0.372,0.288,"21,557","22,950"
"132","Leona Valley",0.149,0.187,0.055,0.324,0.206,0.079,41,15.3,0.353,0.194,0.329,0.173,0.063,0.136,0.434,0.055,0.005,0.072,0.204,0.796,0.089,3.1,0.197,0.079,0.121,0.078,0.443,117526,0.055,0.082,0.735,0.689,0.149,0.195,0.061,0.034,0.148,0,0.491,0.36,0.904,"90","1,374"
"133","Lincoln Heights",0.206,0.134,0.26,0.196,0.102,0.102,27,2.5,0.436,0.043,0.055,0.138,0.682,0.012,0.125,0.252,0.004,0.707,0.973,0.027,0.558,3.6,0.019,0.421,0.297,0.121,0.091,30579,0.057,0.044,0.502,0.53,0.351,0.406,0.091,0.02,0.259,0.126,0.19,0.406,0.241,"10,602","26,616"
"134","Littlerock",0.191,0.144,0.162,0.257,0.156,0.089,35,1.8,0.592,0.065,0.098,0.249,0.292,0.033,0.361,0.008,0.095,0.346,0.473,0.527,0.175,3.2,0.047,0.198,0.201,0.151,0.277,60781,0.075,0.111,0.643,0.597,0.212,0.278,0.071,0.013,0.159,0.105,0.374,0.344,0.786,"766","1,388"
"135","Lomita",0.182,0.081,0.228,0.261,0.135,0.112,35,1.9,0.626,0.156,0.229,0.237,0.198,0.072,0.336,0.117,0.041,0.261,0.463,0.537,0.197,2.5,0.062,0.184,0.251,0.175,0.287,59059,0.166,0.117,0.497,0.556,0.24,0.307,0.097,0.02,0.212,0.065,0.327,0.387,0.466,"10,424","19,984"
"136","Long Beach",0.192,0.114,0.263,0.226,0.115,0.09,31,52.1,0.723,0.158,0.239,0.188,0.273,0.082,0.3,0.129,0.144,0.357,0.667,0.333,0.286,2.7,0.066,0.257,0.241,0.162,0.226,50985,0.112,0.09,0.458,0.474,0.337,0.413,0.092,0.022,0.155,0.119,0.303,0.416,0.412,"8,882","462,731"
"137","Lopez/Kagel Canyons",0.069,0.24,0.152,0.228,0.174,0.137,37,3.6,0.543,0.16,0.291,0.189,0.118,0.131,0.401,0.024,0.086,0.267,0.385,0.615,0.135,2.1,0.068,0.156,0.274,0.165,0.292,61398,0.233,0.142,0.482,0.389,0.204,0.424,0.081,0.045,0.042,0.001,0.559,0.396,0.739,"195","697"
"138","Los Feliz",0.087,0.067,0.309,0.264,0.14,0.132,36,2.6,0.61,0.279,0.427,0.166,0.158,0.148,0.249,0.135,0.037,0.187,0.424,0.576,0.445,2,0.092,0.263,0.246,0.153,0.209,50793,0.095,0.066,0.432,0.413,0.372,0.502,0.101,0.018,0.136,0.077,0.212,0.567,0.245,"13,512","35,238"
"139","Lynwood",0.241,0.16,0.281,0.197,0.081,0.041,23,4.9,0.309,0.028,0.045,0.19,0.615,0.018,0.149,0.012,0.133,0.82,0.971,0.029,0.436,4.4,0.018,0.244,0.298,0.203,0.198,48518,0.059,0.04,0.54,0.537,0.34,0.402,0.061,0.02,0.172,0.15,0.292,0.386,0.471,"14,264","69,899"
"140","Malibu",0.114,0.095,0.157,0.268,0.228,0.137,42,19.9,0.207,0.327,0.594,0.095,0.041,0.267,0.27,0.015,0.012,0.055,0.112,0.888,0.144,2.4,0.344,0.085,0.085,0.085,0.249,138215,0.134,0.102,0.56,0.582,0.233,0.306,0.073,0.01,0.06,0.043,0.18,0.702,0.72,"629","12,514"
"141","Manchester Square",0.174,0.139,0.193,0.211,0.152,0.131,34,1,0.346,0.088,0.117,0.272,0.299,0.029,0.312,0.003,0.786,0.192,0.993,0.007,0.132,2.7,0.035,0.306,0.228,0.183,0.187,46093,0.16,0.096,0.376,0.457,0.328,0.403,0.136,0.044,0.131,0.034,0.216,0.591,0.57,"11,449","11,594"
"142","Manhattan Beach",0.149,0.081,0.215,0.279,0.173,0.102,37,4,0.262,0.39,0.676,0.081,0.032,0.286,0.211,0.062,0.005,0.051,0.145,0.855,0.091,2.3,0.369,0.062,0.084,0.121,0.324,136481,0.098,0.077,0.574,0.557,0.266,0.346,0.061,0.02,0.056,0.048,0.349,0.539,0.649,"8,573","34,039"
"143","Marina del Rey",0.053,0.016,0.334,0.303,0.196,0.097,38,1.5,0.377,0.393,0.623,0.077,0.028,0.231,0.271,0.082,0.048,0.05,0.219,0.781,0.239,1.5,0.142,0.099,0.114,0.136,0.35,92763,0.185,0.227,0.384,0.365,0.38,0.394,0.051,0.014,0.087,0.107,0.309,0.497,0.082,"5,706","8,302"
"144","Mar Vista",0.128,0.07,0.292,0.249,0.144,0.117,35,2.9,0.634,0.264,0.423,0.147,0.163,0.159,0.267,0.128,0.035,0.291,0.487,0.513,0.335,2.3,0.117,0.185,0.233,0.18,0.262,62611,0.125,0.084,0.466,0.49,0.321,0.408,0.088,0.019,0.122,0.057,0.242,0.572,0.394,"12,259","35,492"
"145","Mayflower Village",0.192,0.122,0.215,0.242,0.129,0.1,32,1.2,0.658,0.098,0.147,0.226,0.319,0.049,0.309,0.102,0.086,0.484,0.701,0.299,0.328,3.3,0.043,0.162,0.216,0.231,0.321,67592,0.094,0.062,0.55,0.607,0.268,0.29,0.088,0.042,0.128,0.077,0.268,0.526,0.759,"9,585","11,649"
"146","Maywood",0.254,0.136,0.297,0.191,0.08,0.043,23,1.2,0.069,0.015,0.023,0.163,0.704,0.008,0.109,0.002,0,0.964,0.972,0.028,0.552,4.1,0.016,0.296,0.338,0.171,0.146,41203,0.04,0.028,0.58,0.55,0.319,0.408,0.06,0.014,0.177,0.274,0.091,0.458,0.295,"23,638","28,083"
"147","Mid-City",0.179,0.121,0.26,0.231,0.125,0.083,31,3.5,0.637,0.112,0.168,0.201,0.355,0.056,0.277,0.039,0.383,0.452,0.905,0.095,0.351,2.8,0.04,0.294,0.273,0.166,0.173,43711,0.122,0.077,0.438,0.47,0.35,0.432,0.09,0.021,0.151,0.084,0.275,0.475,0.311,"15,051","52,197"
"148","Mid-Wilshire",0.113,0.066,0.324,0.247,0.126,0.124,34,2.8,0.755,0.296,0.452,0.137,0.14,0.156,0.271,0.198,0.227,0.199,0.664,0.336,0.339,2.1,0.076,0.219,0.228,0.189,0.25,58483,0.129,0.083,0.375,0.431,0.404,0.464,0.091,0.022,0.193,0.094,0.165,0.537,0.217,"14,988","41,683"
"149","Mission Hills",0.18,0.116,0.21,0.23,0.125,0.139,34,3.2,0.615,0.12,0.159,0.255,0.303,0.039,0.283,0.107,0.04,0.536,0.71,0.29,0.352,3.4,0.072,0.134,0.196,0.19,0.379,75675,0.08,0.081,0.541,0.558,0.264,0.346,0.115,0.016,0.083,0.103,0.298,0.502,0.784,"5,721","18,237"
"150","Monrovia",0.182,0.109,0.229,0.243,0.129,0.107,33,13.9,0.65,0.169,0.251,0.196,0.22,0.082,0.333,0.068,0.081,0.352,0.538,0.462,0.215,2.7,0.082,0.186,0.24,0.191,0.266,61504,0.137,0.098,0.501,0.558,0.269,0.318,0.092,0.026,0.159,0.094,0.268,0.468,0.48,"2,643","36,817"
"151","Montebello",0.185,0.116,0.253,0.197,0.124,0.125,31,8.5,0.417,0.101,0.143,0.239,0.379,0.042,0.239,0.114,0.005,0.747,0.891,0.109,0.38,3.2,0.045,0.236,0.262,0.189,0.239,52623,0.093,0.058,0.501,0.537,0.306,0.384,0.1,0.022,0.068,0.12,0.25,0.554,0.476,"7,329","61,960"
"152","Montecito Heights",0.184,0.109,0.262,0.21,0.138,0.095,31,2.4,0.524,0.145,0.242,0.145,0.4,0.097,0.213,0.171,0.029,0.656,0.879,0.121,0.415,3,0.065,0.232,0.226,0.184,0.24,55901,0.105,0.065,0.483,0.492,0.331,0.423,0.08,0.02,0.15,0.137,0.28,0.433,0.507,"6,959","16,768"
"153","Monterey Park",0.128,0.093,0.222,0.22,0.157,0.181,38,7.7,0.537,0.177,0.251,0.203,0.284,0.074,0.262,0.611,0.001,0.288,0.926,0.074,0.536,3,0.066,0.23,0.245,0.18,0.248,55210,0.07,0.055,0.535,0.593,0.276,0.328,0.119,0.023,0.044,0.067,0.203,0.673,0.541,"7,823","59,933"
"154","Mount Washington",0.175,0.099,0.246,0.239,0.147,0.095,33,1.9,0.565,0.159,0.259,0.164,0.353,0.1,0.223,0.128,0.026,0.612,0.792,0.208,0.415,2.9,0.065,0.21,0.233,0.169,0.256,57725,0.098,0.066,0.509,0.505,0.316,0.409,0.077,0.02,0.104,0.061,0.246,0.575,0.549,"6,878","12,728"
"155","Northeast Antelope Valley",0.143,0.133,0.159,0.244,0.187,0.134,38,442,0.548,0.058,0.097,0.277,0.26,0.038,0.366,0.018,0.079,0.246,0.38,0.62,0.132,2.7,0.03,0.226,0.197,0.177,0.192,52234,0.118,0.133,0.601,0.572,0.181,0.268,0.101,0.027,0.143,0.05,0.259,0.529,0.738,"10","4,550"
"156","North El Monte",0.159,0.091,0.204,0.238,0.157,0.152,37,0.4,0.678,0.18,0.243,0.245,0.169,0.064,0.343,0.261,0.014,0.307,0.602,0.398,0.37,2.8,0.059,0.181,0.283,0.168,0.286,56577,0.109,0.059,0.555,0.577,0.212,0.336,0.124,0.028,0.102,0.053,0.168,0.678,0.646,"8,677","3,703"
"157","North Hills",0.216,0.124,0.265,0.218,0.098,0.079,28,5.3,0.604,0.127,0.178,0.193,0.395,0.051,0.234,0.122,0.048,0.565,0.758,0.242,0.457,3.4,0.056,0.246,0.252,0.179,0.237,52456,0.076,0.053,0.549,0.554,0.3,0.376,0.075,0.017,0.099,0.108,0.25,0.536,0.494,"10,003","53,095"
"158","North Hollywood",0.19,0.103,0.309,0.234,0.097,0.067,30,5.9,0.586,0.134,0.185,0.183,0.398,0.051,0.234,0.057,0.056,0.577,0.73,0.27,0.464,2.8,0.032,0.293,0.307,0.177,0.164,42791,0.1,0.076,0.47,0.468,0.348,0.438,0.082,0.018,0.184,0.17,0.265,0.366,0.246,"13,264","77,848"
"159","Northridge",0.135,0.107,0.283,0.217,0.14,0.119,32,9.5,0.661,0.225,0.349,0.162,0.183,0.124,0.306,0.145,0.054,0.261,0.505,0.495,0.318,2.7,0.124,0.18,0.208,0.186,0.276,67906,0.088,0.059,0.531,0.545,0.299,0.374,0.081,0.023,0.096,0.073,0.25,0.563,0.536,"6,080","57,561"
"160","Northwest Antelope Valley",0.145,0.124,0.12,0.27,0.188,0.152,41,213.9,0.372,0.095,0.149,0.292,0.189,0.054,0.37,0.026,0.021,0.143,0.222,0.778,0.062,2.6,0.033,0.208,0.206,0.19,0.265,58899,0.144,0.136,0.603,0.632,0.152,0.203,0.102,0.029,0.085,0.029,0.368,0.518,0.814,"16","3,343"
"161","Northwest Palmdale",0.145,0.171,0.092,0.257,0.216,0.118,40,5.8,0.421,0.145,0.214,0.272,0.119,0.069,0.395,0.036,0.015,0.12,0.254,0.746,0.086,3,0.19,0.086,0.086,0.155,0.401,103013,0.093,0.044,0.632,0.659,0.18,0.261,0.095,0.036,0.025,0.002,0.426,0.547,0.878,"540","3,125"
"162","North Whittier",0.155,0.108,0.195,0.25,0.193,0.1,37,5.5,0.588,0.199,0.318,0.17,0.171,0.119,0.341,0.156,0.008,0.574,0.759,0.241,0.257,3,0.171,0.067,0.173,0.177,0.39,93841,0.077,0.067,0.575,0.623,0.278,0.29,0.07,0.021,0.155,0.067,0.288,0.49,0.851,"797","4,351"
"163","Norwalk",0.203,0.135,0.245,0.211,0.116,0.091,29,9.8,0.554,0.081,0.106,0.265,0.37,0.025,0.259,0.117,0.043,0.628,0.81,0.19,0.364,3.6,0.036,0.156,0.261,0.229,0.296,62412,0.085,0.059,0.542,0.563,0.28,0.357,0.093,0.02,0.121,0.109,0.253,0.502,0.658,"10,572","103,223"
"164","Pacific Palisades",0.15,0.088,0.102,0.265,0.22,0.174,43,22.8,0.21,0.356,0.709,0.064,0.023,0.353,0.204,0.055,0.004,0.032,0.114,0.886,0.155,2.4,0.477,0.056,0.081,0.094,0.252,168008,0.12,0.082,0.616,0.687,0.166,0.206,0.097,0.026,0.028,0.029,0.199,0.742,0.825,"1,048","23,940"
"165","Pacoima",0.225,0.149,0.272,0.199,0.094,0.061,24,7.1,0.259,0.03,0.042,0.161,0.662,0.013,0.135,0.019,0.072,0.856,0.954,0.046,0.471,4.3,0.02,0.251,0.285,0.202,0.208,49066,0.059,0.046,0.534,0.515,0.34,0.426,0.067,0.013,0.186,0.129,0.22,0.433,0.565,"10,510","75,014"
"166","Palmdale",0.23,0.163,0.189,0.261,0.1,0.058,28,134.4,0.67,0.094,0.133,0.249,0.261,0.038,0.358,0.039,0.138,0.378,0.594,0.406,0.2,3.3,0.044,0.181,0.212,0.19,0.3,63317,0.106,0.074,0.575,0.61,0.256,0.3,0.063,0.016,0.207,0.126,0.368,0.296,0.709,"874","117,432"
"167","Palms",0.11,0.062,0.425,0.235,0.103,0.065,31,1.9,0.739,0.291,0.459,0.146,0.12,0.167,0.275,0.204,0.122,0.234,0.617,0.383,0.403,2,0.05,0.225,0.296,0.188,0.211,50684,0.111,0.085,0.377,0.387,0.455,0.519,0.057,0.01,0.194,0.19,0.277,0.325,0.131,"21,870","42,545"
"168","Palos Verdes Estates",0.133,0.113,0.082,0.231,0.24,0.201,46,4.7,0.398,0.399,0.709,0.074,0.016,0.31,0.201,0.173,0.011,0.029,0.245,0.755,0.19,2.7,0.473,0.04,0.08,0.059,0.306,167344,0.051,0.037,0.728,0.765,0.136,0.182,0.085,0.017,0.012,0.013,0.188,0.787,0.905,"2,822","13,340"
"169","Panorama City",0.235,0.127,0.288,0.205,0.082,0.062,25,3.6,0.479,0.106,0.137,0.181,0.495,0.031,0.187,0.119,0.043,0.701,0.885,0.115,0.55,3.6,0.022,0.264,0.32,0.178,0.18,44468,0.065,0.052,0.553,0.55,0.308,0.383,0.074,0.015,0.106,0.161,0.259,0.456,0.36,"18,028","65,766"
"170","Paramount",0.251,0.134,0.283,0.193,0.087,0.051,24,4.9,0.445,0.043,0.07,0.208,0.5,0.027,0.223,0.043,0.119,0.729,0.911,0.089,0.406,3.8,0.025,0.239,0.281,0.217,0.193,49815,0.077,0.063,0.513,0.531,0.334,0.394,0.076,0.012,0.198,0.155,0.303,0.339,0.428,"11,395","55,319"
"171","Pasadena",0.15,0.089,0.266,0.234,0.14,0.12,34,25.1,0.706,0.236,0.415,0.134,0.204,0.179,0.248,0.1,0.139,0.333,0.609,0.391,0.323,2.5,0.125,0.207,0.213,0.162,0.25,62825,0.108,0.074,0.488,0.508,0.309,0.395,0.095,0.022,0.103,0.098,0.258,0.53,0.46,"5,366","134,941"
"172","Pico Rivera",0.191,0.134,0.236,0.206,0.12,0.113,31,8.8,0.221,0.051,0.071,0.26,0.449,0.02,0.22,0.025,0.005,0.879,0.925,0.075,0.339,3.7,0.035,0.225,0.243,0.21,0.268,56683,0.076,0.065,0.526,0.556,0.298,0.353,0.1,0.026,0.118,0.11,0.194,0.565,0.701,"7,187","63,151"
"173","Pico-Robertson",0.108,0.073,0.293,0.233,0.13,0.162,36,1,0.442,0.288,0.483,0.131,0.136,0.195,0.251,0.057,0.056,0.073,0.265,0.735,0.346,2.1,0.107,0.218,0.201,0.178,0.265,63356,0.133,0.095,0.409,0.429,0.333,0.434,0.126,0.042,0.145,0.085,0.156,0.594,0.269,"17,468","18,019"
"174","Pico-Union",0.21,0.117,0.299,0.207,0.098,0.071,27,1.7,0.264,0.049,0.067,0.158,0.657,0.018,0.117,0.076,0.029,0.854,0.97,0.03,0.646,3.3,0.018,0.484,0.278,0.104,0.067,26424,0.067,0.045,0.497,0.506,0.362,0.434,0.074,0.015,0.213,0.195,0.163,0.416,0.095,"25,352","42,324"
"175","Playa del Rey",0.078,0.046,0.303,0.279,0.184,0.11,38,2.8,0.451,0.363,0.592,0.083,0.028,0.229,0.297,0.079,0.039,0.1,0.274,0.726,0.162,1.9,0.204,0.099,0.149,0.155,0.352,91339,0.155,0.108,0.427,0.419,0.367,0.46,0.052,0.013,0.053,0.166,0.242,0.534,0.47,"3,542","9,755"
"176","Playa Vista",0.107,0.088,0.245,0.257,0.146,0.157,37,1.3,0.722,0.182,0.265,0.219,0.257,0.083,0.258,0.212,0.047,0.348,0.676,0.324,0.311,2.4,0.082,0.22,0.158,0.221,0.304,68597,0.101,0.114,0.521,0.524,0.27,0.311,0.108,0.052,0.118,0.046,0.272,0.525,0.548,"1,859","2,416"
"177","Pomona",0.22,0.143,0.269,0.208,0.094,0.067,26,22.9,0.543,0.091,0.129,0.186,0.45,0.038,0.236,0.072,0.091,0.644,0.83,0.17,0.366,3.6,0.051,0.233,0.246,0.189,0.24,54242,0.081,0.064,0.533,0.536,0.309,0.386,0.076,0.014,0.146,0.137,0.284,0.422,0.573,"6,556","150,269"
"178","Porter Ranch",0.136,0.116,0.141,0.265,0.221,0.12,41,5.6,0.551,0.335,0.514,0.142,0.07,0.179,0.274,0.268,0.018,0.075,0.391,0.609,0.336,3,0.314,0.065,0.104,0.127,0.378,121428,0.059,0.04,0.674,0.719,0.189,0.227,0.079,0.014,0.076,0.044,0.295,0.585,0.918,"4,462","24,923"
"179","Quartz Hill",0.175,0.147,0.174,0.27,0.148,0.086,35,3.8,0.43,0.142,0.207,0.252,0.116,0.065,0.426,0.022,0.055,0.151,0.264,0.736,0.061,2.9,0.12,0.176,0.153,0.161,0.329,77498,0.119,0.075,0.621,0.63,0.196,0.279,0.065,0.016,0.16,0.057,0.369,0.404,0.775,"2,475","9,351"
"180","Ramona",0.154,0.115,0.185,0.247,0.159,0.141,37,3.6,0.702,0.226,0.33,0.193,0.155,0.104,0.322,0.35,0.03,0.263,0.677,0.323,0.343,3.1,0.161,0.118,0.144,0.17,0.35,86325,0.086,0.068,0.567,0.609,0.217,0.301,0.13,0.022,0.136,0.074,0.319,0.448,0.743,"1,122","4,053"
"181","Rancho Dominguez",0.136,0.072,0.174,0.215,0.259,0.144,44,2.7,0.701,0.113,0.174,0.307,0.164,0.06,0.355,0.077,0.279,0.161,0.568,0.432,0.147,2.5,0,0.132,0.157,0.333,0.381,72097,0.159,0.094,0.474,0.623,0.288,0.244,0.078,0.039,0.164,0.056,0.244,0.537,0.868,"947","2,526"
"182","Rancho Palos Verdes",0.128,0.109,0.104,0.251,0.221,0.187,44,13.4,0.537,0.318,0.58,0.119,0.042,0.262,0.259,0.252,0.021,0.056,0.372,0.628,0.268,2.7,0.342,0.051,0.113,0.108,0.366,128321,0.081,0.053,0.663,0.718,0.161,0.204,0.096,0.024,0.075,0.041,0.225,0.651,0.819,"3,084","41,301"
"183","Rancho Park",0.123,0.069,0.277,0.243,0.161,0.126,36,0.6,0.598,0.307,0.493,0.128,0.072,0.186,0.307,0.182,0.036,0.162,0.417,0.583,0.285,2.2,0.15,0.187,0.193,0.165,0.274,69724,0.122,0.08,0.444,0.547,0.334,0.36,0.099,0.012,0.086,0.056,0.284,0.573,0.544,"7,169","4,295"
"184","Redondo Beach",0.121,0.073,0.263,0.31,0.15,0.082,36,6.2,0.474,0.306,0.48,0.139,0.075,0.174,0.307,0.096,0.022,0.134,0.296,0.704,0.17,2.2,0.177,0.102,0.146,0.163,0.38,92263,0.154,0.116,0.478,0.489,0.299,0.384,0.069,0.011,0.129,0.106,0.347,0.408,0.495,"10,129","63,261"
"185","Reseda",0.178,0.11,0.247,0.243,0.124,0.099,32,5.9,0.656,0.139,0.19,0.225,0.313,0.05,0.273,0.112,0.042,0.435,0.628,0.372,0.431,3,0.043,0.206,0.269,0.19,0.252,54771,0.102,0.075,0.528,0.535,0.275,0.37,0.096,0.02,0.13,0.105,0.259,0.492,0.523,"10,600","62,174"
"186","Ridge Route",0.189,0.12,0.197,0.32,0.124,0.05,34,292.7,0.462,0.153,0.2,0.222,0.163,0.047,0.414,0.052,0.014,0.2,0.297,0.703,0.132,2.9,0.166,0.113,0.116,0.178,0.402,92822,0.114,0.079,0.673,0.633,0.175,0.271,0.039,0.017,0.147,0.087,0.426,0.329,0.791,"7","1,951"
"187","Rolling Hills",0.128,0.127,0.074,0.232,0.236,0.204,46,3.6,0.396,0.313,0.607,0.102,0.036,0.294,0.255,0.144,0.018,0.049,0.239,0.761,0.176,2.7,0.502,0.027,0.069,0.083,0.272,184777,0.052,0.034,0.73,0.743,0.158,0.196,0.06,0.027,0.019,0.025,0.25,0.682,0.905,"893","3,218"
"188","Rolling Hills Estates",0.14,0.122,0.085,0.258,0.223,0.173,43,3.8,0.469,0.32,0.602,0.114,0.032,0.283,0.252,0.197,0.013,0.056,0.302,0.698,0.189,2.7,0.415,0.052,0.085,0.102,0.31,145628,0.068,0.03,0.68,0.766,0.183,0.181,0.069,0.023,0.066,0.024,0.178,0.707,0.91,"2,185","8,334"
"189","Rosemead",0.167,0.124,0.248,0.226,0.129,0.105,32,5.2,0.589,0.1,0.129,0.189,0.468,0.029,0.214,0.486,0.006,0.41,0.92,0.08,0.564,3.7,0.035,0.243,0.286,0.193,0.216,49387,0.063,0.04,0.515,0.558,0.318,0.382,0.104,0.02,0.081,0.056,0.316,0.536,0.488,"10,332","53,280"
"190","Rowland Heights",0.155,0.124,0.221,0.247,0.167,0.086,35,13.2,0.632,0.233,0.342,0.214,0.175,0.109,0.268,0.517,0.023,0.274,0.844,0.156,0.531,3.4,0.118,0.167,0.202,0.166,0.321,72638,0.082,0.05,0.595,0.627,0.252,0.31,0.071,0.013,0.133,0.118,0.335,0.407,0.668,"3,604","47,524"
"191","San Dimas",0.147,0.124,0.184,0.25,0.174,0.12,37,15.6,0.565,0.192,0.284,0.179,0.127,0.092,0.41,0.09,0.027,0.235,0.392,0.608,0.154,2.8,0.133,0.108,0.164,0.186,0.378,84953,0.12,0.09,0.551,0.608,0.225,0.278,0.104,0.023,0.12,0.057,0.32,0.498,0.736,"2,244","35,064"
"192","San Fernando",0.215,0.142,0.271,0.205,0.099,0.068,26,2.4,0.192,0.036,0.054,0.198,0.581,0.019,0.167,0.005,0.007,0.895,0.92,0.08,0.434,3.8,0.02,0.217,0.272,0.219,0.248,54068,0.067,0.055,0.562,0.561,0.29,0.365,0.081,0.019,0.168,0.087,0.211,0.527,0.539,"9,856","23,534"
"193","San Gabriel",0.152,0.092,0.243,0.24,0.14,0.134,36,4.2,0.637,0.171,0.246,0.183,0.308,0.075,0.263,0.489,0.01,0.304,0.826,0.174,0.526,3,0.055,0.203,0.261,0.185,0.273,56687,0.083,0.053,0.534,0.589,0.278,0.337,0.105,0.021,0.059,0.138,0.209,0.59,0.477,"9,433","39,306"
"194","San Marino",0.135,0.144,0.118,0.253,0.181,0.169,42,3.8,0.584,0.367,0.697,0.063,0.046,0.33,0.195,0.468,0.005,0.048,0.56,0.44,0.372,3,0.451,0.063,0.072,0.082,0.291,158855,0.062,0.025,0.665,0.734,0.191,0.228,0.082,0.013,0,0.018,0.153,0.794,0.916,"3,428","12,973"
"195","San Pasqual",0.099,0.077,0.214,0.301,0.189,0.12,41,0.3,0.601,0.302,0.572,0.081,0.101,0.27,0.246,0.179,0.031,0.179,0.423,0.577,0.326,2.3,0.3,0.135,0.198,0.129,0.198,92917,0.153,0.088,0.569,0.537,0.192,0.35,0.086,0.025,0.115,0,0.328,0.557,0.621,"8,036","2,082"
"196","San Pedro",0.171,0.101,0.23,0.237,0.148,0.114,34,12.1,0.63,0.149,0.228,0.219,0.244,0.078,0.309,0.048,0.061,0.408,0.558,0.442,0.245,2.5,0.072,0.228,0.219,0.161,0.264,57508,0.139,0.102,0.493,0.537,0.268,0.336,0.101,0.025,0.143,0.126,0.298,0.42,0.439,"6,640","80,065"
"197","Santa Clarita",0.194,0.12,0.215,0.276,0.127,0.068,32,57.4,0.479,0.203,0.29,0.201,0.124,0.087,0.385,0.052,0.021,0.207,0.312,0.688,0.164,2.9,0.134,0.101,0.148,0.175,0.404,88987,0.112,0.08,0.594,0.619,0.225,0.286,0.069,0.014,0.152,0.093,0.376,0.372,0.731,"2,745","157,447"
"198","Santa Fe Springs",0.186,0.125,0.226,0.219,0.122,0.122,32,8.9,0.448,0.069,0.092,0.282,0.371,0.023,0.255,0.036,0.033,0.716,0.808,0.192,0.26,3.3,0.045,0.189,0.229,0.258,0.266,60445,0.115,0.082,0.532,0.545,0.254,0.355,0.099,0.018,0.134,0.086,0.228,0.552,0.627,"2,014","17,834"
"199","Santa Monica",0.092,0.057,0.265,0.28,0.163,0.143,38,8.6,0.465,0.316,0.548,0.12,0.09,0.232,0.242,0.071,0.035,0.135,0.287,0.713,0.248,1.8,0.154,0.193,0.179,0.155,0.249,69013,0.155,0.113,0.384,0.418,0.374,0.446,0.087,0.023,0.103,0.065,0.243,0.571,0.298,"9,817","84,084"
"200","Sawtelle",0.075,0.049,0.426,0.229,0.115,0.106,32,2.7,0.659,0.314,0.498,0.129,0.146,0.184,0.227,0.199,0.026,0.228,0.504,0.496,0.39,1.9,0.07,0.219,0.233,0.191,0.254,57710,0.112,0.08,0.367,0.376,0.446,0.528,0.075,0.016,0.146,0.09,0.199,0.557,0.202,"13,319","35,844"
"202","Shadow Hills",0.136,0.103,0.181,0.259,0.192,0.13,39,12.8,0.562,0.149,0.251,0.224,0.171,0.102,0.354,0.069,0.013,0.287,0.409,0.591,0.265,2.8,0.116,0.147,0.153,0.174,0.383,82796,0.13,0.095,0.547,0.573,0.23,0.308,0.093,0.024,0.039,0.061,0.32,0.578,0.777,"1,023","13,098"
"203","Sherman Oaks",0.104,0.06,0.283,0.267,0.15,0.135,37,9.1,0.434,0.283,0.457,0.15,0.08,0.174,0.313,0.057,0.044,0.118,0.262,0.738,0.262,2,0.136,0.158,0.208,0.182,0.273,69651,0.155,0.11,0.439,0.469,0.31,0.399,0.096,0.022,0.119,0.072,0.233,0.566,0.411,"6,687","61,166"
"204","Sierra Madre",0.117,0.08,0.161,0.281,0.201,0.16,42,3,0.353,0.281,0.497,0.128,0.055,0.216,0.319,0.052,0.012,0.099,0.205,0.795,0.105,2.2,0.201,0.083,0.181,0.166,0.335,88008,0.151,0.114,0.513,0.587,0.225,0.28,0.111,0.018,0.083,0.034,0.273,0.584,0.625,"3,563","10,578"
"205","Signal Hill",0.164,0.109,0.26,0.258,0.122,0.087,33,2.2,0.737,0.161,0.246,0.151,0.21,0.085,0.393,0.189,0.106,0.29,0.641,0.359,0.29,2.5,0.063,0.151,0.214,0.225,0.298,66283,0.149,0.115,0.441,0.468,0.331,0.403,0.08,0.014,0.133,0.276,0.228,0.363,0.464,"4,171","9,273"
"206","Silver Lake",0.122,0.077,0.289,0.27,0.136,0.107,35,2.7,0.676,0.239,0.362,0.143,0.248,0.123,0.247,0.18,0.032,0.418,0.66,0.34,0.411,2.3,0.094,0.239,0.235,0.162,0.22,54339,0.1,0.068,0.432,0.386,0.386,0.526,0.082,0.02,0.115,0.126,0.209,0.527,0.357,"11,266","30,972"
"208","Southeast Antelope Valley",0.134,0.127,0.121,0.282,0.194,0.141,41,193,0.393,0.126,0.217,0.232,0.172,0.091,0.38,0.019,0.015,0.164,0.24,0.76,0.103,2.6,0.076,0.198,0.148,0.139,0.294,70134,0.085,0.088,0.627,0.64,0.201,0.244,0.087,0.028,0.1,0.082,0.399,0.419,0.823,"27","5,271"
"209","South El Monte",0.218,0.133,0.288,0.191,0.1,0.071,25,2.9,0.248,0.021,0.031,0.173,0.644,0.01,0.152,0.078,0.001,0.862,0.949,0.051,0.519,4.3,0.027,0.218,0.333,0.183,0.199,46912,0.069,0.054,0.538,0.523,0.316,0.4,0.077,0.023,0.162,0.079,0.306,0.437,0.497,"7,150","20,935"
"210","South Gate",0.233,0.141,0.281,0.2,0.091,0.054,24,7.4,0.147,0.032,0.049,0.205,0.601,0.017,0.145,0.009,0.006,0.921,0.941,0.059,0.493,4,0.023,0.226,0.307,0.203,0.195,48312,0.064,0.031,0.547,0.555,0.323,0.397,0.066,0.018,0.16,0.172,0.206,0.453,0.469,"12,945","96,418"
"211","South Park",0.262,0.139,0.302,0.179,0.069,0.05,23,1.4,0.345,0.024,0.034,0.151,0.694,0.01,0.121,0.001,0.192,0.786,0.99,0.01,0.494,3.9,0.016,0.419,0.281,0.12,0.075,29518,0.055,0.046,0.484,0.479,0.391,0.455,0.07,0.02,0.168,0.149,0.237,0.432,0.277,"21,638","30,496"
"212","South Pasadena",0.127,0.11,0.219,0.274,0.153,0.117,37,3.4,0.651,0.311,0.561,0.104,0.064,0.25,0.271,0.256,0.027,0.161,0.496,0.504,0.244,2.3,0.156,0.134,0.195,0.182,0.299,76229,0.137,0.071,0.481,0.54,0.296,0.367,0.086,0.021,0.12,0.063,0.303,0.511,0.441,"7,114","24,303"
"213","South San Gabriel",0.165,0.106,0.228,0.222,0.149,0.13,35,1.4,0.59,0.133,0.183,0.221,0.371,0.05,0.226,0.41,0.006,0.484,0.918,0.082,0.449,3.4,0.059,0.185,0.204,0.211,0.302,64827,0.1,0.072,0.535,0.56,0.273,0.348,0.092,0.021,0.101,0.084,0.302,0.5,0.672,"5,708","8,100"
"214","South San Jose Hills",0.215,0.148,0.264,0.199,0.113,0.061,26,1.5,0.304,0.051,0.079,0.192,0.55,0.028,0.18,0.059,0.021,0.828,0.926,0.074,0.458,4.4,0.051,0.121,0.251,0.266,0.294,65527,0.058,0.064,0.533,0.544,0.34,0.379,0.069,0.013,0.126,0.145,0.341,0.352,0.787,"13,646","20,257"
"215","South Whittier",0.211,0.135,0.247,0.218,0.11,0.079,28,5.4,0.457,0.07,0.096,0.273,0.348,0.026,0.283,0.03,0.01,0.695,0.757,0.243,0.286,3.6,0.041,0.144,0.248,0.236,0.311,64670,0.084,0.057,0.568,0.577,0.277,0.346,0.071,0.019,0.115,0.088,0.298,0.495,0.647,"10,291","55,285"
"216","Stevenson Ranch",0.231,0.092,0.23,0.309,0.102,0.035,32,3.1,0.534,0.309,0.463,0.156,0.042,0.154,0.339,0.137,0.021,0.129,0.347,0.653,0.202,2.9,0.28,0.047,0.085,0.129,0.414,122833,0.083,0.052,0.727,0.728,0.164,0.204,0.025,0.016,0.133,0.212,0.357,0.298,0.839,"2,765","8,609"
"217","Studio City",0.097,0.045,0.274,0.287,0.164,0.132,38,6.3,0.378,0.32,0.494,0.127,0.048,0.174,0.332,0.054,0.037,0.087,0.22,0.78,0.211,1.9,0.164,0.13,0.199,0.189,0.287,75657,0.138,0.117,0.44,0.437,0.327,0.421,0.095,0.025,0.117,0.082,0.235,0.54,0.441,"5,395","34,034"
"218","Sunland",0.153,0.105,0.186,0.276,0.153,0.128,37,4,0.526,0.161,0.22,0.249,0.155,0.059,0.375,0.071,0.023,0.215,0.351,0.649,0.205,2.6,0.083,0.161,0.193,0.219,0.311,68720,0.139,0.105,0.527,0.551,0.234,0.307,0.1,0.037,0.109,0.055,0.334,0.481,0.685,"3,825","15,316"
"219","Sun Valley",0.204,0.134,0.259,0.223,0.107,0.072,28,9.4,0.479,0.08,0.107,0.192,0.502,0.027,0.198,0.081,0.019,0.694,0.821,0.179,0.519,3.7,0.044,0.235,0.269,0.196,0.224,51290,0.066,0.05,0.546,0.544,0.308,0.386,0.079,0.02,0.107,0.096,0.287,0.492,0.539,"8,048","75,848"
"220","Sun Village",0.206,0.15,0.17,0.26,0.139,0.075,32,10.2,0.619,0.039,0.052,0.259,0.339,0.013,0.349,0.008,0.114,0.388,0.534,0.466,0.187,3.4,0.033,0.214,0.217,0.158,0.268,56175,0.073,0.119,0.635,0.583,0.224,0.286,0.068,0.012,0.176,0.101,0.368,0.33,0.777,"917","9,375"
"221","Sylmar",0.203,0.141,0.249,0.218,0.113,0.076,28,12.5,0.466,0.078,0.116,0.223,0.406,0.038,0.255,0.034,0.041,0.698,0.793,0.207,0.367,3.6,0.058,0.154,0.228,0.222,0.309,65783,0.091,0.065,0.555,0.544,0.271,0.378,0.083,0.013,0.121,0.124,0.286,0.462,0.708,"5,579","69,499"
"222","Tarzana",0.135,0.092,0.199,0.25,0.172,0.152,38,8.8,0.471,0.243,0.403,0.173,0.136,0.16,0.287,0.05,0.036,0.151,0.293,0.707,0.351,2.5,0.193,0.172,0.212,0.14,0.252,73195,0.128,0.085,0.528,0.57,0.241,0.319,0.103,0.026,0.055,0.066,0.225,0.638,0.587,"4,038","35,502"
"223","Temple City",0.145,0.108,0.192,0.251,0.166,0.138,38,4,0.665,0.196,0.285,0.206,0.165,0.089,0.344,0.385,0.009,0.203,0.619,0.381,0.386,2.9,0.065,0.167,0.225,0.2,0.316,65965,0.103,0.066,0.537,0.604,0.247,0.302,0.113,0.028,0.12,0.066,0.253,0.553,0.63,"8,366","33,296"
"224","Toluca Lake",0.099,0.057,0.276,0.315,0.153,0.101,37,1.2,0.457,0.337,0.484,0.12,0.067,0.148,0.329,0.05,0.053,0.14,0.281,0.719,0.177,1.9,0.138,0.137,0.187,0.182,0.281,73111,0.143,0.108,0.458,0.44,0.329,0.44,0.07,0.012,0.198,0.055,0.259,0.473,0.378,"6,393","7,782"
"225","Topanga",0.132,0.085,0.131,0.325,0.231,0.097,42,19.2,0.227,0.316,0.59,0.124,0.042,0.274,0.243,0.037,0.006,0.046,0.124,0.876,0.158,2.4,0.33,0.092,0.119,0.122,0.274,120319,0.126,0.121,0.585,0.613,0.235,0.263,0.054,0.004,0.124,0.012,0.232,0.632,0.764,"386","7,425"
"226","Torrance",0.135,0.104,0.189,0.275,0.156,0.141,38,20.6,0.628,0.248,0.364,0.202,0.094,0.117,0.339,0.286,0.019,0.129,0.479,0.521,0.276,2.5,0.116,0.137,0.193,0.182,0.345,76866,0.117,0.081,0.555,0.588,0.221,0.305,0.106,0.026,0.124,0.056,0.265,0.545,0.56,"6,701","137,933"
"227","Tujunga",0.166,0.103,0.217,0.269,0.146,0.099,36,10,0.557,0.151,0.224,0.224,0.227,0.073,0.326,0.066,0.018,0.261,0.393,0.607,0.299,2.7,0.062,0.199,0.261,0.193,0.254,58001,0.121,0.111,0.564,0.555,0.222,0.316,0.092,0.017,0.152,0.066,0.323,0.448,0.55,"2,649","26,527"
"228","Tujunga Canyons",0.156,0.139,0.155,0.276,0.16,0.114,37,229.9,0.384,0.142,0.252,0.232,0.132,0.11,0.384,0.024,0.034,0.15,0.231,0.769,0.094,2.7,0.186,0.121,0.166,0.131,0.286,85625,0.164,0.134,0.586,0.567,0.171,0.267,0.078,0.032,0.071,0.117,0.357,0.445,0.869,"11","2,474"
"229","Unincorporated Catalina Island",0.162,0.136,0.194,0.292,0.189,0.027,35,72.5,0.495,0.156,0.205,0.203,0.296,0.049,0.296,0.008,0,0.357,0.386,0.614,0.312,2.9,0.013,0.188,0.231,0.294,0.206,56295,0.157,0.154,0.581,0.469,0.194,0.315,0.068,0.063,0.273,0.227,0.045,0.455,0,"2","139"
"230","Unincorporated Santa Monica Mountains",0.123,0.116,0.251,0.256,0.17,0.084,35,89.3,0.309,0.307,0.564,0.107,0.045,0.257,0.284,0.058,0.016,0.059,0.174,0.826,0.147,2.5,0.355,0.073,0.103,0.107,0.278,132997,0.088,0.094,0.466,0.538,0.4,0.355,0.047,0.012,0.052,0.033,0.343,0.56,0.752,"100","8,929"
"231","Unincorporated Santa Susana Mountains",0.172,0.1,0.232,0.298,0.138,0.06,34,78.1,0.602,0.287,0.439,0.158,0.094,0.152,0.309,0.188,0.027,0.169,0.424,0.576,0.277,2.7,0.211,0.086,0.128,0.169,0.366,93825,0.097,0.1,0.614,0.624,0.253,0.257,0.036,0.019,0.126,0.211,0.376,0.288,0.619,"58","4,525"
"233","University Park",0.109,0.11,0.558,0.117,0.059,0.046,23,1.2,0.676,0.107,0.237,0.105,0.525,0.129,0.134,0.161,0.07,0.477,0.745,0.255,0.424,2.7,0.009,0.566,0.215,0.084,0.07,18533,0.028,0.025,0.307,0.294,0.615,0.672,0.049,0.009,0.318,0.238,0.187,0.258,0.078,"20,217","23,596"
"234","Valinda",0.207,0.14,0.238,0.22,0.124,0.071,28,2,0.482,0.097,0.121,0.25,0.368,0.025,0.261,0.127,0.038,0.697,0.879,0.121,0.376,4.1,0.046,0.101,0.229,0.262,0.346,70037,0.087,0.053,0.544,0.575,0.302,0.358,0.068,0.014,0.141,0.163,0.298,0.398,0.775,"10,748","21,568"
"235","Valley Glen",0.182,0.111,0.255,0.239,0.118,0.095,32,4.8,0.632,0.137,0.213,0.191,0.333,0.077,0.262,0.054,0.039,0.452,0.605,0.395,0.49,2.9,0.057,0.271,0.288,0.148,0.205,46175,0.092,0.065,0.545,0.559,0.285,0.36,0.077,0.016,0.146,0.043,0.293,0.511,0.371,"12,325","59,230"
"236","Valley Village",0.115,0.068,0.282,0.265,0.142,0.127,36,2.1,0.512,0.258,0.365,0.159,0.131,0.107,0.345,0.044,0.055,0.189,0.333,0.667,0.289,2,0.087,0.2,0.273,0.185,0.226,55470,0.159,0.121,0.419,0.443,0.326,0.414,0.096,0.021,0.145,0.105,0.234,0.505,0.313,"11,600","24,190"
"237","Val Verde",0.21,0.149,0.218,0.269,0.098,0.055,30,0.7,0.602,0.069,0.099,0.272,0.334,0.03,0.295,0.014,0.07,0.495,0.618,0.382,0.278,3.4,0.043,0.102,0.248,0.2,0.299,68073,0.123,0.16,0.598,0.528,0.233,0.297,0.045,0.015,0.088,0.115,0.418,0.379,0.73,"2,588","1,888"
"238","Van Nuys",0.211,0.105,0.298,0.228,0.091,0.067,28,9,0.571,0.106,0.153,0.191,0.431,0.047,0.225,0.064,0.06,0.605,0.769,0.231,0.498,3,0.029,0.298,0.315,0.165,0.163,41134,0.096,0.073,0.53,0.512,0.304,0.397,0.07,0.018,0.183,0.114,0.24,0.456,0.261,"11,542","103,770"
"239","Venice",0.087,0.055,0.347,0.277,0.149,0.086,35,3.2,0.534,0.313,0.493,0.112,0.131,0.179,0.264,0.041,0.054,0.217,0.358,0.642,0.223,1.9,0.155,0.166,0.211,0.161,0.244,67647,0.159,0.113,0.378,0.359,0.406,0.513,0.056,0.015,0.063,0.096,0.334,0.502,0.312,"11,891","37,705"
"240","Vermont Knolls",0.245,0.143,0.253,0.198,0.096,0.065,24,1.1,0.521,0.04,0.054,0.195,0.554,0.014,0.197,0.012,0.426,0.545,0.99,0.01,0.332,3.3,0.012,0.453,0.241,0.128,0.088,27730,0.099,0.075,0.415,0.478,0.397,0.422,0.089,0.025,0.193,0.062,0.24,0.49,0.279,"18,057","20,616"
"241","Vermont-Slauson",0.235,0.149,0.247,0.198,0.098,0.073,25,1.4,0.498,0.023,0.037,0.2,0.596,0.014,0.167,0.003,0.368,0.605,0.987,0.013,0.392,3.5,0.018,0.405,0.252,0.135,0.097,31236,0.085,0.055,0.454,0.499,0.362,0.414,0.098,0.032,0.115,0.055,0.331,0.475,0.385,"18,577","26,797"
"242","Vermont Square",0.217,0.142,0.251,0.209,0.096,0.084,26,2.5,0.527,0.038,0.053,0.203,0.537,0.015,0.208,0.011,0.392,0.565,0.986,0.014,0.385,3.4,0.02,0.421,0.24,0.124,0.1,29904,0.08,0.066,0.437,0.463,0.369,0.441,0.114,0.031,0.143,0.097,0.283,0.457,0.368,"17,798","45,284"
"243","Vermont Vista",0.256,0.143,0.244,0.187,0.101,0.067,24,1.6,0.526,0.043,0.06,0.216,0.529,0.017,0.195,0.008,0.45,0.521,0.989,0.011,0.313,3.5,0.017,0.394,0.293,0.121,0.091,31272,0.09,0.059,0.444,0.502,0.379,0.417,0.088,0.022,0.194,0.154,0.25,0.391,0.404,"14,154","23,291"
"244","Vernon",0.234,0.213,0.255,0.16,0.106,0.032,21,5.2,0.14,0.114,0.182,0.136,0.409,0.068,0.273,0,0,0.926,0.979,0.021,0.096,3.4,0.115,0.077,0.077,0.308,0.346,81279,0,0,0.686,0.92,0.314,0.08,0,0,0,0,0,1,0.16,"18","94"
"245","Veterans Administration",0.063,0.03,0.111,0.329,0.282,0.185,48,0.9,0.592,0.067,0.114,0.295,0.092,0.048,0.498,0,0.44,0.069,0.544,0.456,0.104,2.5,0,0.254,0,1,0,60561,0.365,0.263,0.365,0.464,0.27,0.219,0,0.054,0.31,0.038,0.393,0.25,0,"683","622"
"246","View Park-Windsor Hills",0.117,0.097,0.143,0.243,0.199,0.201,43,1.8,0.246,0.263,0.45,0.124,0.072,0.187,0.354,0.015,0.865,0.027,0.95,0.05,0.06,2.4,0.169,0.116,0.199,0.162,0.308,81214,0.167,0.087,0.464,0.585,0.247,0.297,0.122,0.031,0.058,0.056,0.267,0.611,0.757,"6,008","11,066"
"247","Vincent",0.197,0.134,0.251,0.233,0.109,0.076,30,1.5,0.574,0.093,0.121,0.289,0.304,0.028,0.286,0.087,0.035,0.595,0.75,0.25,0.282,3.4,0.042,0.148,0.244,0.22,0.318,66221,0.105,0.09,0.516,0.516,0.297,0.378,0.082,0.017,0.179,0.135,0.269,0.414,0.684,"10,163","15,032"
"248","Walnut",0.14,0.155,0.177,0.284,0.173,0.072,36,9,0.612,0.294,0.419,0.143,0.112,0.125,0.326,0.562,0.038,0.191,0.815,0.185,0.462,3.6,0.198,0.086,0.105,0.127,0.467,106893,0.059,0.026,0.624,0.64,0.258,0.32,0.059,0.014,0.118,0.093,0.434,0.351,0.889,"3,329","30,004"
"249","Walnut Park",0.219,0.131,0.292,0.187,0.1,0.071,25,0.7,0.089,0.04,0.05,0.182,0.636,0.009,0.132,0.006,0.001,0.954,0.962,0.038,0.522,4.2,0.018,0.225,0.286,0.189,0.23,48750,0.053,0.026,0.537,0.527,0.349,0.43,0.061,0.016,0.244,0.206,0.071,0.412,0.537,"22,028","16,180"
"250","Watts",0.282,0.174,0.246,0.174,0.072,0.052,21,2.1,0.482,0.017,0.029,0.19,0.641,0.011,0.141,0.002,0.371,0.616,0.995,0.005,0.34,4,0.008,0.478,0.218,0.113,0.089,25161,0.057,0.055,0.402,0.464,0.453,0.447,0.087,0.034,0.249,0.1,0.189,0.413,0.33,"17,346","36,815"
"251","West Adams",0.208,0.141,0.246,0.212,0.106,0.086,28,1.5,0.541,0.056,0.078,0.197,0.479,0.022,0.246,0.017,0.376,0.562,0.976,0.024,0.369,3.1,0.017,0.326,0.289,0.163,0.139,38209,0.116,0.057,0.463,0.528,0.335,0.395,0.085,0.02,0.212,0.147,0.169,0.469,0.372,"14,686","21,764"
"252","West Carson",0.135,0.101,0.197,0.237,0.179,0.15,38,2.3,0.748,0.171,0.237,0.208,0.254,0.066,0.301,0.258,0.105,0.297,0.71,0.29,0.342,2.8,0.076,0.169,0.205,0.209,0.306,66805,0.116,0.103,0.528,0.563,0.248,0.298,0.109,0.036,0.117,0.083,0.215,0.575,0.749,"9,219","21,010"
"253","Westchester",0.135,0.085,0.27,0.253,0.142,0.115,35,10.8,0.66,0.265,0.423,0.153,0.09,0.158,0.333,0.096,0.166,0.165,0.477,0.523,0.208,2.3,0.138,0.139,0.207,0.158,0.325,77473,0.119,0.086,0.489,0.526,0.315,0.372,0.077,0.017,0.096,0.081,0.292,0.522,0.518,"3,839","41,500"
"254","West Compton",0.215,0.152,0.201,0.225,0.1,0.107,28,1.7,0.539,0.074,0.095,0.231,0.363,0.021,0.311,0.02,0.576,0.358,0.985,0.015,0.203,3.5,0.023,0.256,0.296,0.22,0.173,48093,0.126,0.076,0.427,0.485,0.359,0.403,0.088,0.036,0.165,0.089,0.171,0.538,0.705,"3,291","5,444"
"255","West Covina",0.175,0.121,0.232,0.227,0.138,0.107,32,16.1,0.682,0.163,0.219,0.225,0.218,0.057,0.337,0.227,0.059,0.455,0.766,0.234,0.325,3.3,0.073,0.131,0.22,0.206,0.351,71898,0.092,0.069,0.555,0.579,0.259,0.331,0.094,0.021,0.127,0.089,0.283,0.487,0.666,"6,509","104,893"
"256","West Hills",0.15,0.11,0.152,0.269,0.185,0.134,39,8.5,0.47,0.248,0.383,0.184,0.095,0.135,0.338,0.113,0.025,0.11,0.291,0.709,0.227,2.9,0.205,0.073,0.132,0.163,0.411,103008,0.099,0.066,0.629,0.659,0.196,0.255,0.076,0.02,0.073,0.035,0.262,0.621,0.874,"4,551","38,814"
"257","West Hollywood",0.035,0.022,0.328,0.299,0.147,0.169,39,1.9,0.33,0.311,0.468,0.166,0.089,0.157,0.277,0.04,0.028,0.09,0.188,0.812,0.359,1.5,0.085,0.254,0.236,0.177,0.207,52855,0.146,0.097,0.325,0.24,0.393,0.639,0.136,0.024,0.192,0.125,0.17,0.502,0.216,"18,924","35,716"
"258","Westlake",0.199,0.099,0.337,0.202,0.086,0.076,27,2.7,0.43,0.089,0.12,0.157,0.589,0.031,0.135,0.165,0.039,0.734,0.955,0.045,0.676,3,0.015,0.474,0.289,0.099,0.063,26757,0.066,0.047,0.484,0.465,0.364,0.47,0.086,0.018,0.174,0.15,0.173,0.487,0.051,"38,214","103,839"
"259","Westlake Village",0.132,0.104,0.116,0.248,0.229,0.172,43,5.6,0.261,0.289,0.514,0.106,0.047,0.225,0.333,0.062,0.005,0.045,0.145,0.855,0.134,2.5,0.353,0.076,0.1,0.125,0.337,126550,0.093,0.064,0.656,0.745,0.162,0.165,0.088,0.026,0.065,0.06,0.278,0.597,0.87,"1,534","8,663"
"260","West Los Angeles",0.087,0.045,0.289,0.248,0.156,0.174,38,1,0.393,0.33,0.604,0.097,0.055,0.275,0.244,0.114,0.024,0.053,0.233,0.767,0.285,1.9,0.225,0.147,0.132,0.175,0.285,86403,0.112,0.077,0.447,0.525,0.329,0.373,0.112,0.026,0.049,0.091,0.168,0.689,0.49,"12,061","12,659"
"261","Westmont",0.243,0.153,0.233,0.204,0.105,0.063,25,1.8,0.514,0.046,0.057,0.242,0.451,0.011,0.25,0.007,0.575,0.393,0.987,0.013,0.237,3.3,0.014,0.4,0.258,0.123,0.113,31572,0.098,0.079,0.417,0.451,0.407,0.443,0.078,0.027,0.175,0.121,0.295,0.401,0.32,"17,066","31,467"
"262","West Puente Valley",0.195,0.146,0.251,0.205,0.108,0.096,28,1.9,0.334,0.057,0.077,0.244,0.488,0.02,0.19,0.087,0.019,0.807,0.921,0.079,0.421,4.2,0.053,0.168,0.238,0.215,0.312,64809,0.065,0.039,0.554,0.566,0.3,0.375,0.081,0.019,0.11,0.126,0.265,0.486,0.772,"12,855","23,866"
"263","West San Dimas",0.149,0.107,0.138,0.277,0.225,0.105,41,0.3,0.581,0.297,0.458,0.125,0.059,0.16,0.358,0.155,0.029,0.199,0.405,0.595,0.228,2.8,0.262,0.038,0.085,0.127,0.449,125984,0.08,0.05,0.645,0.707,0.184,0.217,0.091,0.025,0.1,0.033,0.297,0.559,0.873,"937","309"
"264","West Whittier-Los Nietos",0.196,0.144,0.232,0.206,0.117,0.104,29,2.6,0.307,0.066,0.086,0.263,0.402,0.02,0.249,0.01,0.009,0.82,0.856,0.144,0.285,3.5,0.041,0.165,0.257,0.234,0.288,61504,0.091,0.062,0.524,0.518,0.292,0.398,0.094,0.022,0.095,0.095,0.306,0.498,0.708,"9,899","25,880"
"265","Westwood",0.049,0.075,0.515,0.145,0.097,0.12,27,3.7,0.543,0.317,0.665,0.095,0.052,0.348,0.188,0.231,0.02,0.07,0.371,0.629,0.313,2,0.2,0.256,0.147,0.117,0.217,68716,0.062,0.036,0.324,0.375,0.546,0.572,0.069,0.018,0.072,0.084,0.141,0.697,0.359,"13,036","47,916"
"266","Whittier",0.178,0.122,0.232,0.226,0.117,0.125,32,14.7,0.548,0.144,0.219,0.234,0.212,0.074,0.335,0.038,0.009,0.558,0.629,0.371,0.183,2.8,0.089,0.168,0.216,0.201,0.299,66891,0.108,0.076,0.528,0.555,0.259,0.339,0.105,0.029,0.103,0.085,0.268,0.534,0.578,"5,688","83,838"
"268","Willowbrook",0.231,0.158,0.239,0.188,0.098,0.086,25,3.8,0.523,0.043,0.063,0.204,0.512,0.02,0.22,0.006,0.443,0.53,0.991,0.009,0.29,3.7,0.032,0.331,0.284,0.139,0.154,38224,0.092,0.049,0.435,0.488,0.37,0.421,0.104,0.042,0.185,0.09,0.196,0.512,0.524,"9,117","34,336"
"269","Wilmington",0.241,0.135,0.28,0.193,0.09,0.06,24,9.1,0.245,0.03,0.051,0.2,0.612,0.021,0.137,0.027,0.026,0.866,0.936,0.064,0.445,3.8,0.035,0.299,0.307,0.162,0.158,40627,0.068,0.052,0.551,0.554,0.296,0.382,0.086,0.013,0.166,0.111,0.264,0.43,0.385,"5,636","51,517"
"270","Windsor Square",0.166,0.079,0.177,0.295,0.16,0.124,38,0.7,0.661,0.264,0.461,0.147,0.132,0.197,0.26,0.416,0.043,0.148,0.623,0.377,0.45,2.5,0.208,0.236,0.215,0.125,0.184,61767,0.089,0.066,0.533,0.598,0.266,0.323,0.112,0.014,0.106,0.051,0.31,0.523,0.41,"8,255","5,642"
"271","Winnetka",0.176,0.11,0.263,0.246,0.119,0.086,32,4.8,0.678,0.158,0.219,0.211,0.28,0.061,0.289,0.155,0.043,0.406,0.639,0.361,0.414,3.1,0.06,0.18,0.247,0.19,0.299,62535,0.091,0.065,0.543,0.56,0.284,0.358,0.081,0.018,0.153,0.112,0.243,0.486,0.517,"9,826","46,943"
"272","Woodland Hills",0.12,0.081,0.198,0.259,0.181,0.161,40,14.8,0.374,0.297,0.47,0.153,0.064,0.173,0.313,0.071,0.029,0.076,0.217,0.783,0.248,2.3,0.206,0.134,0.144,0.15,0.32,89946,0.132,0.098,0.557,0.583,0.215,0.295,0.095,0.023,0.065,0.059,0.243,0.624,0.631,"4,040","59,661"
